1,Toy_Story
2,Jumanji
3,Grumpier_Old_Men
4,Waiting_to_Exhale
5,Father_of_the_Bride_Part_II
6,Heat_(1995_film)
7,Sabrina_(1995_film)
8,Tom_and_Huck
9,Sudden_Death_(film)
10,GoldenEye
11,The_American_President
12,Dracula:_Dead_and_Loving_It
13,Balto_(film)
14,Nixon_(film)
15,Cutthroat_Island
16,Casino_(film)
17,Sense_and_Sensibility_(film)
18,Four_Rooms
19,Ace_Ventura:_When_Nature_Calls
20,Money_Train_(film)
21,Get_Shorty_(film)
22,Copycat_(film)
23,Assassins_(film)
24,Powder_(film)
25,Leaving_Las_Vegas
26,Othello_(1995_film)
27,Now_and_Then_(film)
28,Persuasion_(1995_film)
29,The_City_of_Lost_Children
31,Dangerous_Minds
33,Wings_of_Courage
34,Babe_(film)
35,Carrington_(film)
36,Dead_Man_Walking_(film)
37,Across_the_Sea_of_Time
38,It_Takes_Two_(1995_film)
39,Clueless_(film)
40,Cry_the_Beloved_Country_(1995_film)
41,Richard_III_(1995_film)
42,Dead_Presidents
43,Restoration_(1995_film)
44,Mortal_Kombat_(film)
45,To_Die_For
46,How_to_Make_an_American_Quilt
48,Pocahontas_(1995_film)
49,When_Night_Is_Falling
50,The_Usual_Suspects
52,Mighty_Aphrodite
53,Lamerica
54,The_Big_Green
55,Georgia_(1995_film)
57,Home_for_the_Holidays_(film)
60,The_Indian_in_the_Cupboard_(film)
61,Eye_for_an_Eye_(1996_film)
62,Mr._Holland's_Opus
63,Don't_Be_a_Menace_to_South_Central_While_Drinking_Your_Juice_in_the_Hood
64,Two_If_by_Sea
65,Bio-Dome
66,Lawnmower_Man_2:_Beyond_Cyberspace
67,Two_Bits
69,Friday_(1995_film)
70,From_Dusk_till_Dawn
71,Fair_Game_(1995_film)
72,Kicking_and_Screaming_(1995_film)
74,Bed_of_Roses_(1996_film)
75,Big_Bully_(film)
76,Screamers_(1995_film)
78,The_Crossing_Guard
79,The_Juror
81,Things_to_Do_in_Denver_When_You're_Dead
84,Last_Summer_in_the_Hamptons
86,White_Squall_(film)
87,Dunston_Checks_In
88,Black_Sheep_(1996_film)
89,Nick_of_Time_(film)
90,The_Journey_of_August_King
92,Mary_Reilly_(film)
93,Vampire_in_Brooklyn
94,Beautiful_Girls_(film)
95,Broken_Arrow_(1996_film)
99,Heidi_Fleiss:_Hollywood_Madam
100,City_Hall_(film)
101,Bottle_Rocket
102,Mr._Wrong
103,Unforgettable_(film)
104,Happy_Gilmore
105,The_Bridges_of_Madison_County_(film)
107,Muppet_Treasure_Island
110,Braveheart
111,Taxi_Driver
112,Rumble_in_the_Bronx
113,Before_and_After_(film)
114,Margaret's_Museum
116,Anne_Frank_Remembered
117,The_Young_Poisoner's_Handbook
118,If_Lucy_Fell
121,The_Boys_of_St._Vincent
122,Boomerang_(1992_film)
123,Chungking_Express
125,Flirting_with_Disaster_(film)
126,The_NeverEnding_Story_III
129,Pie_in_the_Sky_(1996_film)
130,Angela_(1995_film)
131,Frankie_Starlight
132,Jade_(film)
135,Down_Periscope
137,Man_of_the_Year_(1995_film)
138,The_Neon_Bible_(film)
139,Target_(1995_film)
141,The_Birdcage
144,The_Brothers_McMullen
145,Bad_Boys_(1995_film)
146,The_Amazing_Panda_Adventure
147,The_Basketball_Diaries_(film)
149,Amateur_(film)
150,Apollo_13_(film)
151,Rob_Roy_(film)
152,The_Addiction
153,Batman_Forever
154,Belle_de_Jour_(film)
155,Beyond_Rangoon
156,Blue_in_the_Face
157,Canadian_Bacon
158,Casper_(film)
159,Clockers_(film)
160,Congo_(film)
161,Crimson_Tide_(film)
162,Crumb_(film)
163,Desperado_(film)
164,Devil_in_a_Blue_Dress_(film)
165,Die_Hard_with_a_Vengeance
166,The_Doom_Generation
167,Feast_of_July
168,First_Knight
169,Free_Willy_2:_The_Adventure_Home
170,Hackers_(film)
171,Jeffrey_(film)
172,Johnny_Mnemonic_(film)
173,Judge_Dredd_(film)
174,Jury_Duty_(film)
175,Kids_(film)
176,Living_in_Oblivion
177,Lord_of_Illusions
178,Love_and_Human_Remains
179,Mad_Love_(1995_film)
180,Mallrats
181,Mighty_Morphin_Power_Rangers:_The_Movie
182,Moonlight_and_Valentino
183,Mute_Witness
184,Nadja_(film)
185,The_Net_(1995_film)
186,Nine_Months
187,Party_Girl_(1995_film)
188,The_Prophecy
189,Reckless_(1995_film)
190,Safe_(1995_film)
191,The_Scarlet_Letter_(1995_film)
192,The_Show_(1995_film)
193,Showgirls
194,Smoke_(film)
195,Something_to_Talk_About_(film)
196,Species_(film)
197,The_Stars_Fell_on_Henrietta
198,Strange_Days_(film)
200,The_Tie_That_Binds_(1995_film)
201,Three_Wishes_(film)
202,Total_Eclipse_(film)
203,To_Wong_Foo_Thanks_for_Everything!_Julie_Newmar
204,Under_Siege_2:_Dark_Territory
205,Unstrung_Heroes
206,Unzipped_(film)
208,Waterworld
209,White_Man's_Burden_(film)
210,Wild_Bill_(1995_film)
211,The_Browning_Version_(1994_film)
215,Before_Sunrise
216,Billy_Madison
217,The_Babysitter
218,Boys_on_the_Side
219,The_Cure_(1995_film)
220,Castle_Freak
222,Circle_of_Friends_(1995_film)
223,Clerks
224,Don_Juan_DeMarco
225,Disclosure_(film)
227,Drop_Zone_(film)
228,Destiny_Turns_on_the_Radio
229,Death_and_the_Maiden_(film)
230,Dolores_Claiborne_(film)
231,Dumb_and_Dumber
232,Eat_Drink_Man_Woman
233,Exotica_(film)
234,Exit_to_Eden_(film)
235,Ed_Wood_(film)
236,French_Kiss_(film)
237,Forget_Paris
238,Far_from_Home:_The_Adventures_of_Yellow_Dog
240,Hideaway_(film)
241,Fluke_(film)
245,The_Glass_Shield
246,Hoop_Dreams
247,Heavenly_Creatures
248,Houseguest
249,Immortal_Beloved_(film)
250,Heavyweights
251,The_Hunted_(1995_film)
254,Jefferson_in_Paris
256,Junior_(film)
257,Just_Cause_(film)
259,Kiss_of_Death_(1995_film)
260,Star_Wars_Episode_IV:_A_New_Hope
261,Little_Women_(1994_film)
263,Ladybird_Ladybird_(film)
266,Legends_of_the_Fall
267,Major_Payne
268,Little_Odessa
270,Love_Affair_(1994_film)
271,Losing_Isaiah
272,The_Madness_of_King_George
274,Man_of_the_House_(1995_film)
275,Mixed_Nuts
276,Milk_Money_(film)
277,Miracle_on_34th_Street_(1994_film)
278,Miami_Rhapsody
279,My_Family_(film)
280,Murder_in_the_First
281,Nobody's_Fool_(1994_film)
282,Nell_(film)
283,New_Jersey_Drive
288,Natural_Born_Killers
289,Only_You_(1994_film)
290,Once_Were_Warriors_(film)
291,Poison_Ivy_II:_Lily
292,Outbreak_(film)
294,The_Perez_Family
296,Pulp_Fiction
297,Panther_(film)
298,Pushing_Hands_(film)
299,Priest_(1994_film)
300,Quiz_Show
301,Picture_Bride_(film)
303,The_Quick_and_the_Dead_(1995_film)
304,Roommates_(1995_film)
306,Three_Colors:_Red
307,Three_Colors:_Blue
308,Three_Colors:_White
309,Red_Firecracker_Green_Firecracker
310,Rent-a-Kid
312,Stuart_Saves_His_Family
313,The_Swan_Princess
314,The_Secret_of_Roan_Inish
315,The_Specialist
316,Stargate_(film)
317,The_Santa_Clause
318,The_Shawshank_Redemption
319,Shallow_Grave
320,Suture_(film)
322,Swimming_with_Sharks
324,The_Sum_of_Us_(film)
325,National_Lampoon's_Senior_Trip
327,Tank_Girl_(film)
329,Star_Trek_Generations
330,Tales_from_the_Hood
331,Tom_&_Viv
332,Village_of_the_Damned_(1995_film)
333,Tommy_Boy
334,Vanya_on_42nd_Street
335,The_Underneath_(film)
336,The_Walking_Dead_(1995_film)
337,What's_Eating_Gilbert_Grape
338,Virtuosity
339,While_You_Were_Sleeping
340,The_War_(1994_film)
341,Double_Happiness_(film)
342,Muriel's_Wedding
343,The_Baby-Sitters_Club_(film)
344,Ace_Ventura:_Pet_Detective
345,The_Adventures_of_Priscilla_Queen_of_the_Desert
346,Backbeat_(film)
347,Bitter_Moon
348,Bullets_Over_Broadway
349,Clear_and_Present_Danger_(film)
350,The_Client_(1994_film)
351,Corrina_Corrina_(film)
352,Crooklyn
353,The_Crow_(film)
354,Cobb_(film)
355,The_Flintstones_(film)
356,Forrest_Gump
357,Four_Weddings_and_a_Funeral
358,Higher_Learning
359,I_Like_It_Like_That_(film)
360,I_Love_Trouble_(1994_film)
361,It_Could_Happen_to_You_(film)
362,The_Jungle_Book_(1967_film)
364,The_Lion_King
365,Little_Buddha
366,Wes_Craven's_New_Nightmare
367,The_Mask_(film)
368,Maverick_(film)
369,Mrs._Parker_and_the_Vicious_Circle
371,The_Paper
372,Reality_Bites
373,Red_Rock_West
374,Richie_Rich_(film)
375,Safe_Passage_(film)
376,The_River_Wild
377,Speed_(1994_film)
378,Speechless_(film)
379,Timecop
380,True_Lies
381,When_a_Man_Loves_a_Woman_(film)
382,Wolf_(film)
383,Wyatt_Earp_(film)
384,Bad_Company_(1995_film)
388,Boys_Life_(film)
391,Jason's_Lyric
392,The_Secret_Adventures_of_Tom_Thumb
393,Street_Fighter_(film)
394,Coldblooded_(film)
396,Fall_Time
397,The_Fear_(1966_film)
398,Frank_and_Ollie
401,Mirage_(2004_film)
405,Highlander_III:_The_Sorcerer
407,In_the_Mouth_of_Madness
408,8_Seconds
409,Above_the_Rim
410,Addams_Family_Values
411,You_So_Crazy
412,The_Age_of_Innocence_(1993_film)
413,Airheads
414,The_Air_Up_There
415,Another_Stakeout
416,Bad_Girls_(film)
417,Barcelona_(film)
418,Being_Human_(2005_film)
419,The_Beverly_Hillbillies_(film)
420,Beverly_Hills_Cop_III
421,Black_Beauty_(1994_film)
422,Blink_(film)
423,Blown_Away_(1994_film)
424,Blue_Chips
425,Blue_Sky_(film)
426,Body_Snatchers_(1993_film)
427,Boxing_Helena
429,Cabin_Boy
430,Calendar_Girl_(1993_film)
431,Carlito's_Way
432,City_Slickers_II:_The_Legend_of_Curly's_Gold
433,Clean_Slate_(1994_film)
434,Cliffhanger_(film)
435,Coneheads_(film)
436,Color_of_Night
438,The_Cowboy_Way_(film)
439,Dangerous_Game_(1993_film)
440,Dave_(film)
441,Dazed_and_Confused
442,Demolition_Man_(film)
444,Even_Cowgirls_Get_the_Blues_(film)
445,Fatal_Instinct
446,Farewell_My_Concubine_(film)
447,The_Favor
448,Fearless_(1993_film)
449,Fear_of_a_Black_Hat
450,With_Honors_(film)
451,Flesh_and_Bone_(film)
452,Widows'_Peak
453,For_Love_or_Money_(1993_film)
454,The_Firm_(1993_film)
455,Free_Willy
456,Fresh_(1994_film)
457,The_Fugitive_(1993_film)
458,Geronimo:_An_American_Legend
459,The_Getaway_(1994_film)
460,Getting_Even_with_Dad
461,Go_Fish_(film)
463,Guilty_as_Sin
464,Hard_Target
465,Heaven_&_Earth_(1993_film)
466,Hot_Shots!_Part_Deux
467,Live_Nude_Girls
469,The_House_of_the_Spirits_(film)
471,The_Hudsucker_Proxy
472,I'll_Do_Anything
473,In_the_Army_Now_(film)
474,In_the_Line_of_Fire
475,In_the_Name_of_the_Father_(film)
476,The_Inkwell
477,What's_Love_Got_to_Do_with_It_(film)
478,Jimmy_Hollywood
479,Judgment_Night_(film)
480,Jurassic_Park_(film)
481,Kalifornia
482,Killing_Zoe
483,King_of_the_Hill_(film)
484,Lassie_(1994_film)
485,Last_Action_Hero
486,Life_with_Mikey
487,Lightning_Jack
488,M._Butterfly_(film)
489,Made_in_America_(film)
490,Malice_(film)
491,The_Man_Without_a_Face
492,Manhattan_Murder_Mystery
493,Menace_II_Society
494,Executive_Decision
497,Much_Ado_About_Nothing_(1993_film)
498,Mr._Jones_(film)
499,Mr._Wonderful_(film)
500,Mrs._Doubtfire
501,Naked_(film)
502,The_Next_Karate_Kid
503,The_New_Age_(film)
504,No_Escape
505,North_(1994_film)
506,Orlando_(film)
508,Philadelphia_(film)
509,The_Piano
510,Poetic_Justice_(film)
511,The_Program
513,Radioland_Murders
514,The_Ref
515,The_Remains_of_the_Day_(film)
516,Renaissance_Man_(film)
517,Rising_Sun_(film)
518,The_Road_to_Wellville_(film)
519,RoboCop_3
520,Robin_Hood:_Men_in_Tights
521,Romeo_Is_Bleeding
522,Romper_Stomper
523,Ruby_in_Paradise
524,Rudy_(film)
525,The_Saint_of_Fort_Washington
527,Schindler's_List
528,The_Scout_(film)
529,Searching_for_Bobby_Fischer
530,Second_Best_(film)
531,The_Secret_Garden_(1993_film)
532,Serial_Mom
533,The_Shadow_(1994_film)
534,Shadowlands_(film)
535,Short_Cuts
537,Sirens_(film)
538,Six_Degrees_of_Separation_(film)
539,Sleepless_in_Seattle
540,Sliver_(film)
541,Blade_Runner
542,Son_in_Law
543,So_I_Married_an_Axe_Murderer
544,Striking_Distance
546,Super_Mario_Bros._(film)
547,Surviving_the_Game
548,Terminal_Velocity_(film)
550,Threesome_(film)
551,The_Nightmare_Before_Christmas
552,The_Three_Musketeers_(1993_film)
553,Tombstone_(film)
554,Trial_by_Jury_(film)
555,True_Romance
556,The_War_Room
557,Mamma_Roma
558,The_Pagemaster
559,Paris_France_(film)
562,Welcome_to_the_Dollhouse
563,Germinal_(1993_film)
564,Chasers
565,Cronos_(film)
566,Naked_in_New_York
567,Kika
568,Bhaji_on_the_Beach
569,Little_Big_League
571,498A:_The_Wedding_Gift
574,Spanking_the_Monkey
575,The_Little_Rascals_(film)
577,Andre_(film)
578,The_Hour_of_the_Pig
580,Princess_Caraboo_(film)
581,The_Celluloid_Closet
585,The_Brady_Bunch_Movie
586,Home_Alone
587,Ghost_(1990_film)
589,Terminator_2:_Judgment_Day
590,Dances_with_Wolves
592,Batman_(1989_film)
593,The_Silence_of_the_Lambs_(film)
594,Snow_White_and_the_Seven_Dwarfs_(1937_film)
595,Beauty_and_the_Beast_(1991_film)
596,Pinocchio_(1940_film)
597,Pretty_Woman
599,The_Wild_Bunch
600,Love_and_a_.45
603,Bye_Bye_Love_(film)
605,One_Fine_Day_(film)
606,Candyman_2:_Farewell_to_the_Flesh
608,Fargo_(film)
609,Homeward_Bound_II:_Lost_in_San_Francisco
610,Heavy_Metal_(film)
611,Hellraiser:_Bloodline
612,The_Pallbearer
613,Jane_Eyre_(1996_film)
616,The_Aristocats
618,Two_Much
619,Ed_(film)
621,My_Favorite_Season
627,The_Last_Supper_(1995_film)
628,Primal_Fear_(film)
630,Carried_Away_(1996_film)
631,All_Dogs_Go_to_Heaven_2
633,Denise_Calls_Up
637,Sgt._Bilko
638,Jack_and_Sarah
639,Girl_6
640,Diabolique_(1996_film)
647,Courage_Under_Fire
648,Mission:_Impossible_(film)
650,Moll_Flanders_(1996_film)
652,301_302
653,Dragonheart
656,Eddie_(film)
659,Purple_Noon
661,James_and_the_Giant_Peach_(film)
662,Fear_(1996_film)
664,Faithful_(film)
665,Underground_(1995_film)
666,All_Things_Fair
668,Pather_Panchali
669,Aparajito
671,Mystery_Science_Theater_3000:_The_Movie
673,Space_Jam
674,Barbarella_(film)
679,The_Run_of_the_Country
680,Alphaville_(film)
685,It's_My_Party_(film)
687,Country_Life_(film)
688,Operation_Dumbo_Drop
691,Mrs._Winterbourne
692,Solo_(1996_film)
694,The_Substitute
695,True_Crime_(1999_film)
696,Butterfly_Kiss
697,Feeling_Minnesota
700,Angus_(film)
701,Daens_(film)
702,Faces_(film)
704,The_Quest_(film)
705,Cosi_(film)
706,Sunset_Park_(film)
707,Mulholland_Falls
708,The_Truth_About_Cats_&_Dogs
709,Oliver_&_Company
710,Celtic_Pride
711,Flipper_(1996_film)
712,Captives
714,Dead_Man
716,Switchblade_Sisters
719,Multiplicity_(film)
720,Wallace_&_Gromit:_The_Best_of_Aardman_Animation
724,The_Craft_(film)
725,The_Great_White_Hype
726,Last_Dance_(1996_film)
728,Cold_Comfort_Farm_(film)
731,Heaven's_Prisoners
733,The_Rock_(film)
734,Getting_Away_with_Murder_(film)
736,Twister_(1996_film)
737,Barb_Wire_(film)
742,Thinner_(film)
743,Spy_Hard
746,Force_of_Evil
747,The_Stupids_(film)
748,The_Arrival_(film)
749,The_Man_from_Down_Under
751,Careful_(film)
754,Gold_Diggers:_The_Secret_of_Bear_Mountain
755,Kim_(film)
757,Ashes_of_Time
759,Maya_Lin:_A_Strong_Clear_Vision
760,Stalingrad_(1993_film)
761,The_Phantom_(1996_film)
762,Striptease_(film)
764,Heavy_(film)
765,Jack_(1996_film)
766,I_Shot_Andy_Warhol
767,The_Grass_Harp_(film)
778,Trainspotting_(film)
779,'Til_There_Was_You
781,Stealing_Beauty
782,The_Fan_(1996_film)
783,The_Hunchback_of_Notre_Dame_(1996_film)
784,The_Cable_Guy
785,Kingpin_(1996_film)
786,Eraser_(film)
787,The_Gate_of_Heavenly_Peace
788,The_Nutty_Professor_(1996_film)
798,Daylight_(film)
799,The_Frighteners
800,Lone_Star_(1996_film)
801,Harriet_the_Spy_(film)
802,Phenomenon_(film)
803,Walking_and_Talking
804,She's_the_One
806,American_Buffalo_(film)
808,Alaska_(film)
809,Fled
810,Kazaam
813,Larger_than_Life_(film)
815,Power_98_(film)
828,The_Adventures_of_Pinocchio_(1996_film)
829,Joe's_Apartment
830,The_First_Wives_Club
831,Stonewall_(film)
832,Ransom_(1996_film)
833,High_School_High
835,Foxfire_(1996_film)
836,Chain_Reaction_(film)
837,Matilda_(1996_film)
838,Emma_(1996_film)
839,The_Crow:_City_of_Angels
840,House_Arrest_(film)
841,Eyes_Without_a_Face
846,Flirt_(1995_film)
848,The_Spitfire_Grill
849,Escape_from_L.A.
850,Cyclo_(film)
851,Basquiat_(film)
852,Tin_Cup
853,Dingo_(film)
858,The_Godfather
862,Manny_&_Lo
864,The_Wife_(film)
866,Bound_(film)
867,Carpool_(film)
869,Kansas_City_(film)
870,Gone_Fishin'_(film)
874,Killer:_A_Journal_of_Murder
875,Nothing_to_Lose_(2002_film)
877,Girls_Town_(1996_film)
878,Bye-Bye_(film)
879,The_Relic_(film)
880,The_Island_of_Dr._Moreau_(1996_film)
881,First_Kid
882,The_Trigger_Effect
885,Bogus_(film)
886,Bulletproof_(1996_film)
887,Talk_of_Angels
888,The_Land_Before_Time_III:_The_Time_of_the_Great_Giving
891,Halloween:_The_Curse_of_Michael_Myers
893,Mother_Night_(film)
896,Wild_Reeds
897,For_Whom_the_Bell_Tolls_(film)
898,The_Philadelphia_Story_(film)
899,Singin'_in_the_Rain
901,Funny_Face
902,Breakfast_at_Tiffany's_(film)
903,Vertigo_(film)
904,Rear_Window
905,It_Happened_One_Night
906,Gaslight_(1944_film)
907,The_Gay_Divorcee
908,North_by_Northwest
909,The_Apartment
910,Some_Like_It_Hot
911,Charade_(1963_film)
912,Casablanca_(film)
913,The_Maltese_Falcon_(1941_film)
914,My_Fair_Lady_(film)
915,Sabrina_(1954_film)
916,Roman_Holiday
917,The_Little_Princess_(1939_film)
918,Meet_Me_in_St._Louis
919,The_Wizard_of_Oz_(1939_film)
920,Gone_with_the_Wind_(film)
921,My_Favorite_Year
923,Citizen_Kane
924,2001:_A_Space_Odyssey_(film)
925,Golden_Earrings
926,All_About_Eve
927,The_Women_(1939_film)
928,Rebecca_(1940_film)
929,Foreign_Correspondent_(film)
930,Notorious_(1946_film)
931,Spellbound_(1945_film)
933,To_Catch_a_Thief
934,Father_of_the_Bride_(1950_film)
935,The_Band_Wagon
936,Ninotchka
937,Love_in_the_Afternoon_(1957_film)
938,Gigi_(1958_film)
939,The_Reluctant_Debutante_(film)
940,The_Adventures_of_Robin_Hood_(film)
941,The_Mark_of_Zorro_(1940_film)
942,Laura_(1944_film)
943,The_Ghost_and_Mrs._Muir
944,Lost_Horizon_(1937_film)
945,Top_Hat
946,To_Be_or_Not_to_Be_(1942_film)
947,My_Man_Godfrey
948,Giant_(1956_film)
949,East_of_Eden_(film)
950,The_Thin_Man_(film)
951,His_Girl_Friday
952,Around_the_World_in_80_Days_(1956_film)
953,It's_a_Wonderful_Life
954,Mr._Smith_Goes_to_Washington
955,Bringing_Up_Baby
956,Penny_Serenade
957,The_Scarlet_Letter_(1926_film)
958,Lady_of_Burlesque
959,Of_Human_Bondage_(1934_film)
960,Angel_on_My_Shoulder_(film)
961,Little_Lord_Fauntleroy_(1936_film)
962,They_Made_Me_a_Criminal
963,The_Inspector_General_(film)
964,Angel_and_the_Badman
965,The_39_Steps_(1935_film)
967,The_Outlaw
968,Night_of_the_Living_Dead
969,The_African_Queen_(film)
970,Beat_the_Devil_(film)
971,Cat_on_a_Hot_Tin_Roof_(film)
972,The_Last_Time_I_Saw_Paris
973,Meet_John_Doe
974,Algiers_(film)
981,Dangerous_Ground_(1934_film)
982,Picnic_(1955_film)
984,The_Pompatus_of_Love
985,Small_Wonders
986,Fly_Away_Home
987,Bliss_(1917_film)
988,Grace_of_My_Heart
990,Maximum_Risk
991,Michael_Collins_(film)
992,The_Rich_Man's_Wife
993,Infinity_(film)
994,Big_Night
996,Last_Man_Standing_(film)
997,Caught_(1996_film)
998,Set_It_Off
999,2_Days_in_the_Valley
1000,Curdled_(film)
1002,Ed's_Next_Move
1003,Extreme_Measures
1004,The_Glimmer_Man
1005,D3:_The_Mighty_Ducks
1006,The_Chamber_(film)
1007,The_Apple_Dumpling_Gang_(film)
1008,Davy_Crockett_King_of_the_Wild_Frontier
1009,Escape_to_Witch_Mountain_(1975_film)
1010,The_Love_Bug_(1925_film)
1011,Herbie_Rides_Again
1012,Old_Yeller_(film)
1013,The_Parent_Trap_(1961_film)
1014,Pollyanna_(1960_film)
1015,Homeward_Bound:_The_Incredible_Journey
1016,The_Shaggy_Dog_(1959_film)
1017,Swiss_Family_Robinson_(1960_film)
1018,That_Darn_Cat!_(1965_film)
1019,20000_Leagues_Under_the_Sea_(1907_film)
1020,Cool_Runnings
1021,Angels_in_the_Outfield_(1994_film)
1022,Cinderella_(1950_film)
1023,Winnie_the_Pooh_and_the_Blustery_Day
1024,The_Three_Caballeros
1025,The_Sword_in_the_Stone_(film)
1026,So_Dear_to_My_Heart
1027,Robin_Hood:_Prince_of_Thieves
1028,Mary_Poppins_(film)
1029,Dumbo
1030,Pete's_Dragon
1031,Bedknobs_and_Broomsticks
1032,Alice_in_Wonderland_(1951_film)
1033,The_Fox_and_the_Hound
1034,Freeway_(1996_film)
1035,The_Sound_of_Music_(film)
1036,Die_Hard
1037,The_Lawnmower_Man_(film)
1038,Unhook_the_Stars
1040,The_Secret_Agent_(film)
1041,Secrets_&_Lies_(film)
1042,That_Thing_You_Do!
1043,To_Gillian_on_Her_37th_Birthday
1044,Surviving_Picasso
1046,Beautiful_Thing_(film)
1047,The_Long_Kiss_Goodnight
1049,The_Ghost_and_the_Darkness
1050,Looking_for_Richard
1051,Trees_Lounge
1053,Normal_Life
1054,Get_on_the_Bus
1055,Shadow_Conspiracy
1056,Jude_(film)
1057,Everyone_Says_I_Love_You
1060,Swingers_(1996_film)
1061,Sleepers_(film)
1063,Johns_(film)
1064,Aladdin_and_the_King_of_Thieves
1066,Shall_We_Dance_(1937_film)
1068,Crossfire_(film)
1069,Murder_My_Sweet
1071,For_the_Moment_(film)
1073,Willy_Wonka_&_the_Chocolate_Factory
1076,The_Innocents_(1961_film)
1077,Sleeper_(1973_film)
1078,Bananas_(film)
1080,Monty_Python's_Life_of_Brian
1081,Victor_Victoria
1082,The_Candidate_(1972_film)
1083,The_Great_Race
1084,Bonnie_and_Clyde_(film)
1085,The_Old_Man_and_the_Sea_(1958_film)
1086,Dial_M_for_Murder
1087,Madame_Butterfly_(1915_film)
1088,Dirty_Dancing
1089,Reservoir_Dogs
1090,Platoon_(film)
1091,Weekend_at_Bernie's
1092,Basic_Instinct
1093,The_Doors_(film)
1094,The_Crying_Game
1095,Glengarry_Glen_Ross_(film)
1096,Sophie's_Choice_(film)
1097,E.T._the_Extra-Terrestrial
1100,Days_of_Thunder
1101,Top_Gun
1102,American_Strays
1103,Rebel_Without_a_Cause
1105,Children_of_the_Corn_IV:_The_Gathering
1112,Palookaville_(film)
1113,The_Associate
1114,The_Funeral_(1996_film)
1120,The_People_vs._Larry_Flynt
1121,Glory_Daze
1124,On_Golden_Pond_(1981_film)
1125,The_Return_of_the_Pink_Panther
1126,Drop_Dead_Fred
1127,The_Abyss
1128,The_Fog
1129,Escape_from_New_York
1130,The_Howling_(film)
1131,Jean_de_Florette
1135,Private_Benjamin_(1980_film)
1136,Monty_Python_and_the_Holy_Grail
1147,When_We_Were_Kings
1148,The_Wrong_Trousers
1151,Faust_(1994_film)
1152,He_Walked_by_Night
1153,Raw_Deal_(1948_film)
1154,T-Men
1160,Six_of_a_Kind
1162,The_Ruling_Class
1163,Mina_Tannenbaum
1164,Two_or_Three_Things_I_Know_About_Her
1167,Dear_God_(film)
1169,American_Dream_(film)
1171,Bob_Roberts
1172,Cinema_Paradiso
1174,Grosse_Fatigue
1175,Delicatessen_(film)
1177,Enchanted_April
1178,Paths_of_Glory
1179,The_Grifters_(film)
1180,Hear_My_Song
1181,The_Shooter_(1995_film)
1183,The_English_Patient_(film)
1184,Mediterraneo
1185,My_Left_Foot_(film)
1186,Sex_Lies_and_Videotape
1187,Passion_Fish
1188,Strictly_Ballroom
1189,The_Thin_Blue_Line_(film)
1190,Tie_Me_Up!_Tie_Me_Down!
1191,Madonna:_Truth_or_Dare
1192,Paris_Is_Burning_(film)
1193,One_Flew_Over_the_Cuckoo's_Nest_(film)
1194,Up_in_Smoke
1196,Star_Wars_Episode_V:_The_Empire_Strikes_Back
1197,The_Princess_Bride_(film)
1198,Raiders_of_the_Lost_Ark
1199,Brazil_(film)
1200,Aliens_(film)
1202,Withnail_and_I
1203,12_Angry_Men_(1957_film)
1204,Lawrence_of_Arabia_(film)
1205,The_Transformers:_The_Movie
1207,To_Kill_a_Mockingbird_(film)
1208,Apocalypse_Now
1209,Once_Upon_a_Time_in_the_West
1210,Star_Wars_Episode_VI:_Return_of_the_Jedi
1212,The_Third_Man
1213,Goodfellas
1214,Alien_(film)
1215,Army_of_Darkness
1217,Ran_(film)
1219,Psycho_(film)
1220,The_Blues_Brothers_(film)
1221,The_Godfather_Part_II
1222,Full_Metal_Jacket
1224,Henry_V_(1989_film)
1225,Amadeus_(film)
1226,The_Quiet_Man
1227,Once_Upon_a_Time_in_America
1228,Raging_Bull
1230,Annie_Hall
1231,The_Right_Stuff_(film)
1232,Stalker_(1979_film)
1234,The_Sting
1235,Harold_and_Maude
1236,Trust_(1990_film)
1238,Local_Hero
1240,The_Terminator
1241,Braindead_(film)
1242,Glory_(1989_film)
1243,Rosencrantz_&_Guildenstern_Are_Dead_(film)
1244,Manhattan_(film)
1245,Miller's_Crossing
1246,Dead_Poets_Society
1247,The_Graduate
1248,Touch_of_Evil
1250,The_Bridge_on_the_River_Kwai
1252,Chinatown_(1974_film)
1253,The_Day_the_Earth_Stood_Still
1254,The_Treasure_of_the_Sierra_Madre_(film)
1255,Bad_Taste
1256,Duck_Soup_(1933_film)
1257,Better_Off_Dead_(film)
1258,The_Shining_(film)
1259,Stand_by_Me_(film)
1260,M_(1931_film)
1262,The_Great_Escape_(film)
1263,The_Deer_Hunter
1264,Diva_(1981_film)
1265,Groundhog_Day_(film)
1266,Unforgiven
1267,The_Manchurian_Candidate_(1962_film)
1268,Pump_Up_the_Volume_(film)
1269,Arsenic_and_Old_Lace_(film)
1270,Back_to_the_Future
1271,Fried_Green_Tomatoes
1272,Patton_(film)
1273,Down_by_Law_(film)
1274,Akira_(film)
1275,Highlander_(film)
1276,Cool_Hand_Luke
1277,Cyrano_de_Bergerac_(1990_film)
1278,Young_Frankenstein
1279,Night_on_Earth
1280,Raise_the_Red_Lantern
1281,The_Great_Dictator
1282,Fantasia_(film)
1283,High_Noon
1284,The_Big_Sleep_(1946_film)
1285,Heathers
1286,Somewhere_in_Time_(film)
1287,Ben-Hur_(1959_film)
1288,This_Is_Spinal_Tap
1289,Koyaanisqatsi
1290,Some_Kind_of_Wonderful_(film)
1291,Indiana_Jones_and_the_Last_Crusade
1292,Being_There
1293,Gandhi_(film)
1295,The_Unbearable_Lightness_of_Being_(film)
1297,Real_Genius
1299,The_Killing_Fields_(film)
1301,Forbidden_Planet
1302,Field_of_Dreams
1303,The_Man_Who_Would_Be_King_(film)
1304,Butch_Cassidy_and_the_Sundance_Kid
1305,Paris_Texas_(film)
1307,When_Harry_Met_Sally...
1310,Hype!
1313,Mad_Dog_Time
1317,I'm_Not_Rappaport_(film)
1325,Amityville:_A_New_Generation
1326,Amityville_II:_The_Possession
1327,The_Amityville_Horror_(1979_film)
1328,The_Amityville_Curse
1330,April_Fool's_Day_(1986_film)
1331,Audrey_Rose_(film)
1332,The_Believers
1333,The_Birds_(film)
1334,The_Blob
1335,Blood_Beach
1336,Body_Parts_(film)
1337,The_Body_Snatcher_(film)
1339,Bram_Stoker's_Dracula
1340,Bride_of_Frankenstein
1341,Burnt_Offerings_(film)
1342,Candyman_(film)
1343,Cape_Fear_(1991_film)
1344,Cape_Fear_(1962_film)
1345,Carrie_(1976_film)
1346,Cat_People_(1982_film)
1350,The_Omen
1351,Blood_and_Wine
1352,Albino_Alligator
1353,The_Mirror_Has_Two_Faces
1354,Breaking_the_Waves
1355,Nightwatch_(1997_film)
1356,Star_Trek:_First_Contact
1357,Shine_(film)
1358,Sling_Blade
1359,Jingle_All_the_Way
1361,Paradise_Lost:_The_Child_Murders_at_Robin_Hood_Hills
1363,The_Preacher's_Wife
1365,Ridicule
1366,The_Crucible_(1996_film)
1367,101_Dalmatians_(1996_film)
1370,Die_Hard_2
1371,Star_Trek:_The_Motion_Picture
1372,Star_Trek_VI:_The_Undiscovered_Country
1373,Star_Trek_V:_The_Final_Frontier
1375,Star_Trek_III:_The_Search_for_Spock
1376,Star_Trek_IV:_The_Voyage_Home
1377,Batman_Returns
1378,Young_Guns_(film)
1379,Young_Guns_II
1380,Grease_(film)
1381,Grease_2
1382,Marked_for_Death
1385,Under_Siege
1387,Jaws_(film)
1388,Jaws_2
1389,Jaws_3-D
1390,My_Fellow_Americans
1391,Mars_Attacks!
1392,Citizen_Ruth
1393,Jerry_Maguire
1394,Raising_Arizona
1395,Tin_Men
1396,Sneakers_(1992_film)
1397,Bastard_Out_of_Carolina_(film)
1398,In_Love_and_War_(1996_film)
1399,Marvin's_Room_(film)
1401,Ghosts_of_Mississippi
1404,Night_Falls_on_Manhattan
1405,Beavis_and_Butt-head_Do_America
1407,Scream_(1996_film)
1408,The_Last_of_the_Mohicans_(1992_film)
1409,Michael_(1996_film)
1410,The_Evening_Star
1411,Hamlet_(1996_film)
1412,Some_Mother's_Son
1413,The_Whole_Wide_World
1414,Mother_(1996_film)
1416,Evita_(film)
1417,The_Portrait_of_a_Lady_(film)
1419,Walkabout_(film)
1422,Murder_at_1600
1423,Hearts_and_Minds_(film)
1425,Fierce_Creatures
1426,Zeus_and_Roxanne
1427,Turbulence_(1997_film)
1428,Angel_Baby_(1995_film)
1431,Beverly_Hills_Ninja
1432,Metro_(1997_film)
1434,The_Stranger_(1920_film)
1437,The_Cement_Garden_(film)
1438,Dante's_Peak
1439,Meet_Wally_Sparks
1440,Amos_&_Andrew
1441,Benny_&_Joon
1442,Prefontaine_(film)
1445,McHale's_Navy_(film)
1446,Kolya
1447,Gridlock'd
1449,Waiting_for_Guffman
1453,The_Beautician_and_the_Beast
1454,SubUrbia_(film)
1455,Hotel_de_Love
1456,The_Pest_(1997_film)
1457,Fools_Rush_In_(1997_film)
1458,Touch_(1997_film)
1459,Absolute_Power_(film)
1460,That_Darn_Cat!_(1965_film)
1461,Vegas_Vacation
1463,That_Old_Feeling_(film)
1464,Lost_Highway_(film)
1465,Rosewood_(film)
1466,Donnie_Brasco_(film)
1468,Booty_Call
1471,Boys_Life_2
1472,City_of_Industry_(film)
1473,Best_Men
1475,Kama_Sutra:_A_Tale_of_Love
1476,Private_Parts_(1997_film)
1477,Love_Jones_(film)
1479,The_Saint_(film)
1480,Smilla's_Sense_of_Snow_(film)
1482,The_Van_(1996_film)
1483,Crash_(1996_film)
1484,The_Daytrippers
1485,Liar_Liar
1486,The_Quiet_Room
1487,Selena_(film)
1488,The_Devil's_Own
1489,Cats_Don't_Dance
1493,Love_and_Other_Catastrophes
1496,Anna_Karenina_(1997_film)
1497,Double_Team_(film)
1498,Inventing_the_Abbotts
1499,Anaconda_(film)
1500,Grosse_Pointe_Blank
1501,Keys_to_Tulsa
1502,Kissed
1503,8_Heads_in_a_Duffel_Bag
1504,Hollow_Reed
1507,Paradise_Road_(1997_film)
1508,Traveller_(1997_film)
1509,All_Over_Me_(film)
1511,A_Chef_in_Love
1513,Romy_and_Michele's_High_School_Reunion
1515,Volcano_(1997_film)
1516,Children_of_the_Revolution_(1996_film)
1517,Austin_Powers:_International_Man_of_Mystery
1518,Breakdown_(film)
1519,Broken_English_(1996_film)
1520,Commandments
1523,Truth_or_Consequences_N.M._(film)
1525,Warriors_of_Virtue
1526,Fathers'_Day_(film)
1527,The_Fifth_Element
1529,Nowhere_(film)
1531,Losing_Chase
1535,Love!_Valour!_Compassion!_(film)
1539,Twin_Town
1541,Addicted_to_Love_(film)
1542,Brassed_Off
1543,The_Designated_Mourner
1544,The_Lost_World:_Jurassic_Park
1545,Ponette
1546,Schizopolis
1547,Shiloh_(film)
1549,Rough_Magic
1550,Trial_and_Error_(1997_film)
1551,Buddy_(1997_film)
1552,Con_Air
1553,Late_Bloomers_(2011_film)
1554,The_Pillow_Book_(film)
1556,Speed_2:_Cruise_Control
1562,Batman_&_Robin_(film)
1563,Dream_with_the_Fishes
1565,Head_Above_Water
1566,Hercules_(1997_film)
1567,The_Last_Time_I_Committed_Suicide
1569,My_Best_Friend's_Wedding
1570,Tetsuo_II:_Body_Hammer
1573,Face/Off
1574,Fall_(1997_film)
1575,Gabbeh_(film)
1580,Men_in_Black_(film)
1581,Out_to_Sea
1582,Wild_America_(film)
1584,Contact_(film)
1585,Love_Serenade
1586,G.I._Jane
1587,Conan_the_Barbarian_(1982_film)
1588,George_of_the_Jungle_(film)
1589,Cop_Land
1590,Event_Horizon_(film)
1591,Spawn_(film)
1592,Air_Bud
1593,Picture_Perfect_(1997_film)
1594,In_the_Company_of_Men
1595,Free_Willy_3:_The_Rescue
1596,Career_Girls
1597,Conspiracy_Theory_(film)
1598,Desperate_Measures_(film)
1599,Steel_(film)
1600,She's_So_Lovely
1601,Hoodlum_(film)
1602,Leave_It_to_Beaver_(film)
1603,Mimic_(film)
1604,Money_Talks
1605,Excess_Baggage
1606,Kull_the_Conqueror
1608,Air_Force_One_(film)
1610,The_Hunt_for_Red_October_(film)
1611,My_Own_Private_Idaho
1612,Kiss_Me_Guido
1613,Star_Maps_(film)
1614,In_&_Out
1615,The_Edge_(1997_film)
1616,The_Peacemaker_(1997_film)
1617,L.A._Confidential_(film)
1619,Seven_Years_in_Tibet_(1997_film)
1620,Kiss_the_Girls_(film)
1621,Soul_Food_(film)
1623,Wishmaster_(film)
1625,The_Game_(1997_film)
1626,Fire_Down_Below_(1997_film)
1627,U_Turn_(1997_film)
1629,The_MatchMaker_(1997_film)
1631,The_Assignment_(1997_film)
1633,Ulee's_Gold
1635,The_Ice_Storm_(film)
1639,Chasing_Amy
1641,The_Full_Monty
1644,I_Know_What_You_Did_Last_Summer
1645,The_Devil's_Advocate_(1997_film)
1647,Playing_God_(film)
1648,The_House_of_Yes
1649,Fast_Cheap_&_Out_of_Control
1650,Washington_Square_(film)
1651,Telling_Lies_in_America
1652,Year_of_the_Horse
1653,Gattaca
1654,FairyTale:_A_True_Story
1655,Phantoms_(film)
1656,Swept_from_the_Sea
1657,Wonderland_(2003_film)
1659,Hurricane_Streets
1660,Eve's_Bayou
1661,Switchback_(film)
1662,Gang_Related
1663,Stripes_(film)
1665,Bean_(film)
1666,Hugo_Pool
1667,Mad_City_(film)
1668,One_Night_Stand_(1997_film)
1669,The_Tango_Lesson
1670,Welcome_to_Sarajevo
1671,Deceiver_(film)
1672,The_Rainmaker_(1997_film)
1673,Boogie_Nights
1674,Witness_(1985_film)
1675,Incognito_(1937_film)
1676,Starship_Troopers_(film)
1677,Critical_Care_(film)
1678,The_Joy_Luck_Club_(film)
1679,Chairman_of_the_Board_(film)
1680,Sliding_Doors
1681,Mortal_Kombat:_Annihilation
1682,The_Truman_Show
1683,The_Wings_of_the_Dove_(1997_film)
1684,Mrs_Dalloway_(film)
1685,I_Love_You_I_Love_You_Not
1686,Red_Corner
1687,The_Jackal_(1997_film)
1688,Anastasia_(1997_film)
1689,The_Man_Who_Knew_Too_Little
1690,Alien_Resurrection
1693,Amistad_(film)
1694,The_Apostle
1695,Artemisia_(film)
1696,Bent_(film)
1699,The_Butcher_Boy_(1917_film)
1701,Deconstructing_Harry
1702,Flubber_(film)
1703,For_Richer_or_Poorer
1704,Good_Will_Hunting
1707,Home_Alone_3
1711,Midnight_in_the_Garden_of_Good_and_Evil_(film)
1715,Office_Killer
1717,Scream_2
1718,Stranger_in_the_House_(1967_film)
1719,The_Sweet_Hereafter_(film)
1721,Titanic_(1997_film)
1722,Tomorrow_Never_Dies
1726,The_Postman_(film)
1727,The_Horse_Whisperer_(film)
1728,The_Winter_Guest
1729,Jackie_Brown_(film)
1730,Kundun
1731,Mr._Magoo_(film)
1732,The_Big_Lebowski
1733,Afterglow_(film)
1735,Great_Expectations_(1998_film)
1744,Firestorm_(film)
1746,Senseless
1747,Wag_the_Dog
1748,Dark_City_(1998_film)
1749,The_Leading_Man
1750,Star_Kid
1752,Hard_Rain_(film)
1753,Half_Baked
1754,Fallen_(film)
1755,Shooting_Fish
1756,The_Prophecy_II
1758,Dangerous_Beauty
1759,Four_Days_in_September
1760,Spice_World_(film)
1762,Deep_Rising
1767,Music_from_Another_Room_(film)
1769,The_Replacement_Killers
1770,B._Monkey
1771,The_Night_Flier_(film)
1772,Blues_Brothers_2000
1773,Tokyo_Fist
1777,The_Wedding_Singer
1779,Sphere_(film)
1780,Ayn_Rand:_A_Sense_of_Life
1782,Little_City
1783,Palmetto_(film)
1784,As_Good_as_It_Gets
1785,King_of_New_York
1788,Men_with_Guns
1791,Twilight_(1998_film)
1794,Love_and_Death_on_Long_Island
1797,Everest_(film)
1798,Hush_(1998_film)
1799,Suicide_Kings
1801,The_Man_in_the_Iron_Mask_(1998_film)
1804,The_Newton_Boys
1805,Wild_Things
1806,Paulie
1809,Hana-bi
1810,Primary_Colors_(film)
1811,Niagara_Niagara
1812,Wide_Awake_(1998_film)
1816,Two_Girls_and_a_Guy
1817,No_Looking_Back
1821,The_Object_of_My_Affection
1822,Meet_the_Deedles
1824,Homegrown_(film)
1827,The_Big_One_(film)
1829,Chinese_Box
1831,Lost_in_Space_(film)
1832,Heaven's_Burning
1833,Mercury_Rising
1834,The_Spanish_Prisoner
1835,City_of_Angels_(film)
1836,The_Last_Days_of_Disco
1837,The_Odd_Couple_II
1839,My_Giant
1840,He_Got_Game
1841,The_Gingerbread_Man_(film)
1842,Illtown
1844,Live_Flesh_(film)
1845,Zero_Effect
1846,Nil_by_Mouth_(film)
1848,The_Borrowers_(1997_film)
1849,Prince_Valiant_(1997_film)
1850,I_Love_You_Don't_Touch_Me!
1851,Leather_Jacket_Love_Story
1854,Kissing_a_Fool
1855,Krippendorf's_Tribe
1856,Kurt_&_Courtney
1857,The_Real_Blonde
1858,Mr._Nice_Guy_(1997_film)
1859,Taste_of_Cherry
1862,Species_II
1863,Major_League:_Back_to_the_Minors
1864,Sour_Grapes_(film)
1865,Wild_Man_Blues
1866,The_Big_Hit
1867,Tarzan_and_the_Lost_City_(film)
1869,Black_Dog_(film)
1870,Dancer_Texas_Pop._81
1872,Go_Now_(film)
1874,Still_Breathing
1875,Clockwatchers
1876,Deep_Impact_(film)
1877,Little_Men_(1940_film)
1878,Woo_(film)
1879,The_Hanging_Garden_(film)
1880,Lawn_Dogs
1881,Quest_for_Camelot
1882,Godzilla_(1998_film)
1883,Bulworth
1884,Fear_and_Loathing_in_Las_Vegas_(film)
1885,The_Opposite_of_Sex
1886,I_Got_the_Hook_Up
1887,Almost_Heroes
1888,Hope_Floats
1889,Insomnia_(1997_film)
1891,The_Ugly
1893,Beyond_Silence_(1996_film)
1894,Six_Days_Seven_Nights
1895,Can't_Hardly_Wait
1896,Cousin_Bette_(film)
1897,High_Art
1899,Passion_in_the_Desert
1901,Dear_Jesse
1902,Dream_for_an_Insomniac
1903,Hav_Plenty
1904,Henry_Fool
1906,Mr._Jealousy
1907,Mulan
1910,I_Went_Down
1911,Doctor_Dolittle_(film)
1912,Out_of_Sight
1913,Picnic_at_Hanging_Rock
1914,Smoke_Signals_(film)
1915,Voyage_to_the_Beginning_of_the_World
1917,Armageddon_(1998_film)
1918,Lethal_Weapon_4
1919,Madeline_(1998_film)
1920,Small_Soldiers
1921,Pi_(film)
1923,There's_Something_About_Mary
1924,Plan_9_from_Outer_Space
1925,Wings_(film)
1926,The_Broadway_Melody
1927,All_Quiet_on_the_Western_Front_(1930_film)
1928,Cimarron_(1931_film)
1929,Grand_Hotel_(film)
1930,Cavalcade_(1933_film)
1931,Mutiny_on_the_Bounty_(1935_film)
1932,The_Great_Ziegfeld
1934,You_Can't_Take_It_With_You_(film)
1935,How_Green_Was_My_Valley_(film)
1936,Mrs._Miniver_(film)
1937,Going_My_Way
1938,The_Lost_Weekend_(film)
1939,The_Best_Years_of_Our_Lives
1940,Gentleman's_Agreement
1941,Hamlet_(1948_film)
1942,All_the_King's_Men_(1949_film)
1943,The_Greatest_Show_on_Earth
1944,From_Here_to_Eternity
1945,On_the_Waterfront
1946,Marty_(film)
1947,West_Side_Story_(film)
1948,Tom_Jones_(film)
1950,In_the_Heat_of_the_Night_(film)
1951,Oliver!_(film)
1952,Midnight_Cowboy
1953,The_French_Connection_(film)
1954,Rocky
1955,Kramer_vs._Kramer
1956,Ordinary_People
1957,Chariots_of_Fire
1958,Terms_of_Endearment
1959,Out_of_Africa_(film)
1960,The_Last_Emperor
1961,Rain_Man
1963,Take_the_Money_and_Run
1964,Klute
1965,Repo_Man_(film)
1966,Metropolitan_(film)
1967,Labyrinth_(film)
1968,The_Breakfast_Club
1973,Freddy's_Dead:_The_Final_Nightmare
1974,Friday_the_13th_(1980_film)
1975,Friday_the_13th_Part_2
1977,Friday_the_13th:_The_Final_Chapter
1979,Friday_the_13th_Part_VI:_Jason_Lives
1980,Friday_the_13th_Part_VII:_The_New_Blood
1981,Friday_the_13th_Part_VIII:_Jason_Takes_Manhattan
1982,Halloween_(1978_film)
1983,Halloween_II_(1981_film)
1984,Halloween_III:_Season_of_the_Witch
1985,Halloween_4:_The_Return_of_Michael_Myers
1986,Halloween_5:_The_Revenge_of_Michael_Myers
1987,Prom_Night_(1980_film)
1988,Hello_Mary_Lou:_Prom_Night_II
1990,Prom_Night_IV:_Deliver_Us_from_Evil
1991,Child's_Play_(1988_film)
1992,Child's_Play_2
1993,Child's_Play_3
1994,Poltergeist_(film)
1995,Poltergeist_II:_The_Other_Side
1996,Poltergeist_III
1997,The_Exorcist_(film)
1998,Exorcist_II:_The_Heretic
1999,The_Exorcist_III
2000,Lethal_Weapon
2001,Lethal_Weapon_2
2002,Lethal_Weapon_3
2003,Gremlins
2004,Gremlins_2:_The_New_Batch
2005,The_Goonies
2006,The_Mask_of_Zorro
2007,Polish_Wedding
2009,Soylent_Green
2010,Metropolis_(film)
2011,Back_to_the_Future_Part_II
2012,Back_to_the_Future_Part_III
2013,The_Poseidon_Adventure_(1972_film)
2014,Freaky_Friday_(2003_film)
2016,The_Apple_Dumpling_Gang_Rides_Again
2017,Babes_in_Toyland_(1961_film)
2018,Bambi
2020,Dangerous_Liaisons_(2005_film)
2021,Dune_(film)
2022,The_Last_Temptation_of_Christ_(film)
2023,The_Godfather_Part_III
2024,The_Rapture_(film)
2025,Lolita_(1997_film)
2026,Disturbing_Behavior
2027,Mafia!
2028,Saving_Private_Ryan
2029,Billy's_Hollywood_Screen_Kiss
2032,The_Barefoot_Executive
2033,The_Black_Cauldron_(film)
2034,The_Black_Hole
2035,Blackbeard's_Ghost
2036,Blank_Check_(film)
2037,Candleshoe
2038,The_Cat_from_Outer_Space
2040,The_Computer_Wore_Tennis_Shoes
2041,Condorman
2042,D2:_The_Mighty_Ducks
2043,Darby_O'Gill_and_the_Little_People
2044,The_Devil_and_Max_Devlin
2046,Flight_of_the_Navigator
2047,The_Gnome-Mobile
2048,The_Great_Mouse_Detective
2049,The_Happiest_Millionaire
2050,Herbie_Goes_Bananas
2051,Herbie_Goes_to_Monte_Carlo
2052,Hocus_Pocus_(1993_film)
2053,Honey_I_Blew_Up_the_Kid
2054,Honey_I_Shrunk_the_Kids
2055,Hot_Lead_and_Cold_Feet
2056,In_Search_of_the_Castaways_(film)
2057,The_Incredible_Journey_(film)
2058,The_Negotiator
2059,The_Parent_Trap_(1998_film)
2060,BASEketball
2062,The_Governess
2064,Roger_&_Me
2065,The_Purple_Rose_of_Cairo
2066,Out_of_the_Past
2067,Doctor_Zhivago_(film)
2068,Fanny_and_Alexander
2069,The_Trip_to_Bountiful
2070,Tender_Mercies
2071,And_the_Band_Played_On_(film)
2072,The_'Burbs
2073,Fandango_(1985_film)
2075,Mephisto_(1981_film)
2076,Blue_Velvet_(film)
2077,The_Journey_of_Natty_Gann
2078,The_Jungle_Book_(1967_film)
2079,Kidnapped_(1960_film)
2080,Lady_and_the_Tramp
2081,The_Little_Mermaid_(1989_film)
2082,The_Mighty_Ducks
2083,The_Muppet_Christmas_Carol
2084,Newsies
2085,101_Dalmatians_(1996_film)
2086,One_Magic_Christmas
2087,Peter_Pan_(1953_film)
2088,Popeye_(film)
2089,The_Rescuers_Down_Under
2090,The_Rescuers
2091,Return_from_Witch_Mountain
2092,The_Return_of_Jafar
2093,Return_to_Oz
2094,The_Rocketeer_(film)
2095,The_Shaggy_D.A.
2096,Sleeping_Beauty_(1959_film)
2097,Something_Wicked_This_Way_Comes_(film)
2098,Son_of_Flubber
2099,Song_of_the_South
2100,Splash_(film)
2101,Squanto:_A_Warrior's_Tale
2103,Tall_Tale_(film)
2104,Tex_(film)
2105,Tron
2106,Swing_Kids_(film)
2108,L.A._Story
2109,The_Jerk
2110,Dead_Men_Don't_Wear_Plaid
2111,The_Man_with_Two_Brains
2112,Grand_Canyon_(1991_film)
2113,Graveyard_Shift_(1990_film)
2114,The_Outsiders_(film)
2115,Indiana_Jones_and_the_Temple_of_Doom
2116,The_Lord_of_the_Rings_(1978_film)
2117,Nineteen_Eighty-Four_(film)
2118,The_Dead_Zone_(film)
2119,Maximum_Overdrive
2120,Needful_Things_(film)
2121,Cujo_(film)
2122,Children_of_the_Corn_(1984_film)
2123,All_Dogs_Go_to_Heaven
2124,The_Addams_Family_(film)
2126,Snake_Eyes_(film)
2128,Safe_Men
2129,The_Saltmen_of_Tibet
2130,Atlantic_City_(1980_film)
2132,Who's_Afraid_of_Virginia_Woolf%3F_(film)
2133,Adventures_in_Babysitting
2134,Weird_Science_(film)
2135,Doctor_Dolittle_(film)
2136,The_Nutty_Professor
2137,Charlotte's_Web_(1973_film)
2138,Watership_Down_(film)
2139,The_Secret_of_NIMH
2140,The_Dark_Crystal
2143,Legend_(film)
2144,Sixteen_Candles
2145,Pretty_in_Pink
2146,St._Elmo's_Fire_(film)
2147,The_Clan_of_the_Cave_Bear_(film)
2148,House_(1986_film)
2149,House_II:_The_Second_Story
2150,The_Gods_Must_Be_Crazy
2151,The_Gods_Must_Be_Crazy_II
2152,Air_Bud:_Golden_Receiver
2153,The_Avengers_(1998_film)
2154,How_Stella_Got_Her_Groove_Back
2157,The_Chambermaid_on_the_Titanic
2158,Henry:_Portrait_of_a_Serial_Killer_Part_II
2159,Henry:_Portrait_of_a_Serial_Killer
2160,Rosemary's_Baby_(film)
2161,The_NeverEnding_Story_(film)
2162,The_NeverEnding_Story_II:_The_Next_Chapter
2164,Surf_Nazis_Must_Die
2166,Return_to_Paradise_(1998_film)
2167,Blade_(film)
2168,Dance_with_Me_(film)
2169,Dead_Man_on_Campus
2170,Wrongfully_Accused
2174,Beetlejuice
2176,Rope_(film)
2177,Family_Plot
2178,Frenzy
2179,Topaz_(1969_film)
2180,Torn_Curtain
2181,Marnie_(film)
2182,The_Wrong_Man
2183,The_Man_Who_Knew_Too_Much_(1956_film)
2184,The_Trouble_with_Harry
2185,I_Confess_(film)
2186,Strangers_on_a_Train_(film)
2187,Stage_Fright_(1950_film)
2188,54_(film)
2189,I_Married_a_Strange_Person!
2190,Why_Do_Fools_Fall_in_Love_(film)
2193,Willow_(film)
2194,The_Untouchables_(film)
2195,Dirty_Work_(1998_film)
2196,Knock_Off_(film)
2197,Firelight
2201,The_Paradine_Case
2202,Lifeboat_(film)
2203,Shadow_of_a_Doubt
2204,Saboteur_(film)
2205,Mr._&_Mrs._Smith_(1941_film)
2206,Suspicion_(1941_film)
2207,Jamaica_Inn_(film)
2208,The_Lady_Vanishes_(1938_film)
2209,Young_and_Innocent
2210,Sabotage_(film)
2211,Secret_Agent_(1936_film)
2212,The_Man_Who_Knew_Too_Much_(1934_film)
2215,Rich_and_Strange
2219,Murder!
2221,Blackmail_(1929_film)
2223,The_Farmer's_Wife
2227,The_Lodger_(2009_film)
2231,Rounders_(film)
2232,Cube_(film)
2236,Simon_Birch
2237,Without_Limits
2240,My_Bodyguard
2241,Class_(film)
2242,Grandview_U.S.A.
2243,Broadcast_News_(film)
2244,The_Allnighter_(film)
2245,Working_Girl
2246,Stars_and_Bars_(film)
2247,Married_to_the_Mob
2248,Say_Anything...
2249,My_Blue_Heaven_(1990_film)
2250,Men_Don't_Leave
2252,Hero_(1992_film)
2253,Toys_(film)
2255,Young_Doctors_in_Love
2256,Parasite_(film)
2257,No_Small_Affair
2259,Blame_It_on_Rio
2260,Wisdom_(film)
2261,One_Crazy_Summer
2262,About_Last_Night...
2263,The_Seventh_Sign
2264,We're_No_Angels_(1989_film)
2265,Nothing_but_Trouble_(1991_film)
2266,The_Butcher's_Wife
2267,Mortal_Thoughts
2269,Indecent_Proposal
2271,Permanent_Midnight
2272,One_True_Thing
2273,Rush_Hour_(1998_film)
2275,Six-String_Samurai
2278,Ronin_(film)
2279,Urban_Legend_(film)
2280,Clay_Pigeons
2281,Monument_Ave.
2282,Pecker_(film)
2283,The_Sheltering_Sky_(film)
2284,Bandit_Queen
2286,The_Fiendish_Plot_of_Dr._Fu_Manchu
2287,Them!
2288,The_Thing_(1982_film)
2289,The_Player_(film)
2290,Stardust_Memories
2291,Edward_Scissorhands
2292,Overnight_Delivery
2293,Shadrach_(film)
2294,Antz
2295,The_Impostors
2297,What_Dreams_May_Come_(film)
2299,The_Battle_of_the_Sexes_(1928_film)
2300,The_Producers_(1968_film)
2302,My_Cousin_Vinny
2303,Nashville_(film)
2305,Slam_(film)
2306,Holy_Man
2307,One_Tough_Cop
2310,The_Mighty
2311,2010_(film)
2312,Children_of_a_Lesser_God
2313,The_Elephant_Man_(film)
2314,Beloved_(film)
2315,Bride_of_Chucky
2316,Practical_Magic
2317,The_Alarmist
2318,Happiness_(1998_film)
2320,Apt_Pupil_(film)
2321,Pleasantville_(film)
2323,The_Cruise_(1998_film)
2325,Orgazmo
2326,Shattered_Image
2327,Tales_from_the_Darkside:_The_Movie
2328,Vampires_(film)
2329,American_History_X
2331,Living_Out_Loud
2332,Belly_(film)
2333,Gods_and_Monsters
2334,The_Siege
2335,The_Waterboy
2336,Elizabeth_(film)
2337,Velvet_Goldmine
2338,I_Still_Know_What_You_Did_Last_Summer
2339,I'll_Be_Home_for_Christmas_(1998_film)
2340,Meet_Joe_Black
2341,Dancing_at_Lughnasa_(film)
2342,Hard_Core_Logo
2344,Runaway_Train_(film)
2345,Desert_Bloom
2346,The_Stepford_Wives_(1975_film)
2347,The_Pope_of_Greenwich_Village
2348,Sid_and_Nancy
2349,Mona_Lisa_(film)
2350,Heart_Condition_(film)
2352,The_Big_Chill_(film)
2353,Enemy_of_the_State_(film)
2354,The_Rugrats_Movie
2356,Celebrity_(film)
2358,Savior_(film)
2361,Pink_Flamingos
2362,Glen_or_Glenda
2366,King_Kong_(1933_film)
2367,King_Kong_(1976_film)
2368,King_Kong_Lives
2369,Desperately_Seeking_Susan
2370,The_Emerald_Forest
2371,Fletch_(film)
2372,Fletch_Lives
2373,Red_Sonja_(film)
2374,Gung_Ho_(film)
2375,The_Money_Pit
2377,Lifeforce_(film)
2378,Police_Academy_(film)
2379,Police_Academy_2:_Their_First_Assignment
2380,Police_Academy_3:_Back_in_Training
2381,Police_Academy_4:_Citizens_on_Patrol
2383,Police_Academy_6:_City_Under_Siege
2384,Babe:_Pig_in_the_City
2385,Home_Fries_(film)
2387,Very_Bad_Things
2389,Psycho_(1998_film)
2390,Little_Voice_(film)
2392,Jack_Frost_(1998_film)
2393,Star_Trek:_Insurrection
2394,The_Prince_of_Egypt
2395,Rushmore_(film)
2396,Shakespeare_in_Love
2397,Mass_Appeal_(film)
2398,Miracle_on_34th_Street
2399,Santa_Claus:_The_Movie
2400,Prancer_(film)
2401,Pale_Rider
2402,Rambo:_First_Blood_Part_II
2403,First_Blood
2404,Rambo_III
2405,The_Jewel_of_the_Nile
2406,Romancing_the_Stone
2407,Cocoon_(film)
2408,Cocoon:_The_Return
2409,Rocky_II
2410,Rocky_III
2411,Rocky_IV
2412,Rocky_V
2413,Clue_(film)
2414,Young_Sherlock_Holmes
2415,Violets_Are_Blue_(film)
2416,Back_to_School
2417,Heartburn_(film)
2418,Nothing_in_Common
2419,Extremities_(film)
2420,The_Karate_Kid_(1984_film)
2421,The_Karate_Kid_Part_II
2424,You've_Got_Mail
2425,The_General_(1998_film)
2426,The_Theory_of_Flight
2427,The_Thin_Red_Line_(1998_film)
2428,The_Faculty
2429,Mighty_Joe_Young_(1998_film)
2430,Mighty_Joe_Young_(1949_film)
2431,Patch_Adams_(film)
2432,Stepmom_(film)
2434,Down_in_the_Delta
2435,Hurlyburly_(film)
2436,Tea_with_Mussolini
2437,Wilde_(film)
2438,Outside_Ozona
2439,Affliction_(film)
2440,Another_Day_in_Paradise_(film)
2441,The_Hi-Lo_Country
2442,Hilary_and_Jackie
2443,Playing_by_Heart
2445,At_First_Sight
2446,In_Dreams_(film)
2447,Varsity_Blues_(film)
2448,Virus_(1999_film)
2449,The_Garbage_Pail_Kids_Movie
2450,Howard_the_Duck_(film)
2451,The_Gate_(film)
2452,The_Gate_II:_Trespassers
2453,The_Boy_Who_Could_Fly
2454,The_Fly_(1958_film)
2455,The_Fly_(1986_film)
2456,The_Fly_II
2457,Running_Scared_(1986_film)
2458,Armed_and_Dangerous_(film)
2459,The_Texas_Chainsaw_Massacre_(2003_film)
2460,The_Texas_Chainsaw_Massacre_2
2461,Leatherface:_The_Texas_Chainsaw_Massacre_III
2463,Ruthless_People
2464,Trick_or_Treat_(1986_film)
2465,Deadly_Friend
2466,Belizaire_the_Cajun
2467,The_Name_of_the_Rose_(film)
2468,Jumpin'_Jack_Flash_(film)
2469,Peggy_Sue_Got_Married
2470,%22Crocodile%22_Dundee
2471,%22Crocodile%22_Dundee_II
2472,Tough_Guys
2474,The_Color_of_Money
2475,52_Pick-Up
2476,Heartbreak_Ridge
2477,Firewalker_(film)
2478,Three_Amigos
2481,My_Name_Is_Joe
2482,Still_Crazy
2485,She's_All_That
2487,Blood_Guts_Bullets_and_Octane
2488,Peeping_Tom_(film)
2490,Payback_(1999_film)
2491,Simply_Irresistible_(film)
2492,20_Dates
2494,The_Last_Days
2496,Blast_from_the_Past_(film)
2497,Message_in_a_Bottle_(film)
2498,My_Favorite_Martian_(film)
2500,Jawbreaker_(film)
2501,October_Sky
2502,Office_Space
2504,200_Cigarettes
2505,8mm_(film)
2506,The_Other_Sister
2507,Breakfast_of_Champions_(film)
2509,Eight_Days_a_Week_(film)
2510,Just_the_Ticket
2511,The_Long_Goodbye_(film)
2513,Pet_Sematary_(film)
2514,Pet_Sematary_Two
2515,Children_of_the_Corn_II:_The_Final_Sacrifice
2517,Christine_(1983_film)
2518,Night_Shift_(film)
2519,House_on_Haunted_Hill
2520,Airport_(1970_film)
2521,Airport_1975
2522,Airport_'77
2523,Rollercoaster_(1977_film)
2524,The_Towering_Inferno
2525,Alligator_(film)
2526,Meteor_(film)
2527,Westworld
2528,Logan's_Run_(film)
2529,Planet_of_the_Apes_(1968_film)
2530,Beneath_the_Planet_of_the_Apes
2531,Battle_for_the_Planet_of_the_Apes
2532,Conquest_of_the_Planet_of_the_Apes
2533,Escape_from_the_Planet_of_the_Apes
2535,Earthquake_(film)
2537,Beyond_the_Poseidon_Adventure
2538,Dancemaker
2539,Analyze_This
2540,The_Corruptor
2541,Cruel_Intentions
2543,Six_Ways_to_Sunday
2545,Relax...It's_Just_Sex
2546,The_Deep_End_of_the_Ocean_(film)
2548,The_Rage:_Carrie_2
2549,Wing_Commander_(film)
2550,The_Haunting_(1963_film)
2551,Dead_Ringers_(film)
2552,My_Boyfriend's_Back_(film)
2553,Village_of_the_Damned_(1960_film)
2554,Children_of_the_Damned
2555,Baby_Geniuses
2558,Forces_of_Nature
2559,The_King_and_I_(1999_film)
2560,Ravenous
2561,True_Crime_(1999_film)
2562,Bandits_(1997_film)
2565,The_King_and_I_(1956_film)
2566,Doug's_1st_Movie
2567,EDtv
2568,The_Mod_Squad_(film)
2569,Among_Giants
2571,The_Matrix
2572,10_Things_I_Hate_About_You
2573,Tango_(1969_film)
2574,The_Out-of-Towners_(1999_film)
2577,Metroland_(film)
2579,Following
2580,Go_(1999_film)
2581,Never_Been_Kissed
2583,Cookie's_Fortune
2587,Life_(film)
2589,Friends_&_Lovers_(film)
2590,Hideous_Kinky_(film)
2596,SLC_Punk!
2597,Lost_&_Found_(1999_film)
2598,Pushing_Tin
2599,Election_(1999_film)
2600,Existenz
2605,Entrapment_(film)
2606,Idle_Hands
2607,Get_Real_(film)
2610,Three_Seasons
2611,The_Winslow_Boy_(1999_film)
2612,Mildred_Pierce_(film)
2613,Night_of_the_Comet
2615,My_Science_Project
2616,Dick_Tracy_(1990_film)
2617,The_Mummy_(1999_film)
2618,The_Castle_(film)
2620,This_Is_My_Father
2624,After_Life_(film)
2626,Edge_of_Seventeen_(film)
2627,Endurance_(film)
2628,Star_Wars_Episode_I:_The_Phantom_Menace
2629,The_Love_Letter_(1999_film)
2633,The_Mummy_(1932_film)
2634,The_Mummy_(1959_film)
2635,The_Mummy's_Curse
2636,The_Mummy's_Ghost
2637,The_Mummy's_Hand
2638,The_Mummy's_Tomb
2639,Mommie_Dearest_(film)
2640,Superman_(film)
2641,Superman_II
2642,Superman_III
2643,Superman_IV:_The_Quest_for_Peace
2644,Dracula_(1931_film)
2645,Dracula_(1958_film)
2646,House_of_Dracula
2647,House_of_Frankenstein_(1944_film)
2648,Frankenstein_(1931_film)
2649,Son_of_Frankenstein
2650,The_Ghost_of_Frankenstein
2651,Frankenstein_Meets_the_Wolf_Man
2652,The_Curse_of_Frankenstein
2653,Son_of_Dracula_(1943_film)
2654,The_Wolf_Man_(1941_film)
2655,Howling_II:_Your_Sister_Is_a_Werewolf
2656,Tarantula_(film)
2657,The_Rocky_Horror_Picture_Show
2658,The_Flying_Saucer
2659,It_Came_from_Hollywood
2660,The_Thing_from_Another_World
2661,It_Came_from_Outer_Space
2662,The_War_of_the_Worlds_(1953_film)
2663,It_Came_from_Beneath_the_Sea
2664,Invasion_of_the_Body_Snatchers
2665,Earth_vs._the_Flying_Saucers
2666,It_Conquered_the_World
2667,The_Mole_People_(film)
2668,Swamp_Thing_(film)
2669,Pork_Chop_Hill
2670,Run_Silent_Run_Deep
2671,Notting_Hill_(film)
2672,The_Thirteenth_Floor
2674,The_Loss_of_Sexual_Innocence
2676,Instinct_(film)
2677,Buena_Vista_Social_Club_(film)
2678,Desert_Blue
2679,Finding_North
2681,Free_Enterprise_(film)
2682,Limbo_(1999_film)
2683,Austin_Powers:_The_Spy_Who_Shagged_Me
2687,Tarzan_(1999_film)
2688,The_General's_Daughter_(film)
2689,Get_Bruce
2693,Trekkies_(film)
2694,Big_Daddy_(1999_film)
2697,My_Son_the_Fanatic_(film)
2699,Arachnophobia_(film)
2701,Wild_Wild_West
2702,Summer_of_Sam
2706,American_Pie_(film)
2707,Arlington_Road
2709,Muppets_from_Space
2710,The_Blair_Witch_Project
2711,My_Life_So_Far
2712,Eyes_Wide_Shut
2713,Lake_Placid_(film)
2714,The_Wood
2715,The_Velocity_of_Gary
2716,Ghostbusters
2717,Ghostbusters_II
2718,Drop_Dead_Gorgeous_(film)
2719,The_Haunting_(1999_film)
2720,Inspector_Gadget_(film)
2721,Trick_(film)
2722,Deep_Blue_Sea
2723,Mystery_Men
2724,Runaway_Bride_(1999_film)
2725,Twin_Falls_Idaho_(film)
2726,The_Killing_(film)
2727,Killer's_Kiss
2728,Spartacus_(film)
2729,Lolita_(1962_film)
2730,Barry_Lyndon
2733,Vibes_(film)
2734,The_Mosquito_Coast
2735,The_Golden_Child
2737,Assassination_(1987_film)
2738,Crimes_of_the_Heart_(film)
2739,The_Color_Purple_(film)
2741,No_Mercy_(film)
2743,Native_Son_(film)
2744,Otello_(1986_film)
2745,The_Mission_(1986_film)
2746,Little_Shop_of_Horrors_(film)
2747,The_Little_Shop_of_Horrors
2749,The_Morning_After_(1986_film)
2750,Radio_Days
2751,From_the_Hip_(film)
2752,Outrageous_Fortune_(film)
2753,The_Bedroom_Window
2754,Deadtime_Stories_(film)
2755,Light_of_Day
2756,Wanted:_Dead_or_Alive_(film)
2757,Frances
2758,Plenty_(film)
2759,Dick_(film)
2761,The_Iron_Giant
2762,The_Sixth_Sense
2763,The_Thomas_Crown_Affair_(1999_film)
2764,The_Thomas_Crown_Affair_(1968_film)
2765,The_Acid_House_(film)
2766,The_Adventures_of_Sebastian_Cole
2767,Illuminata_(film)
2768,Stiff_Upper_Lips
2769,The_Yards
2770,Bowfinger
2771,Brokedown_Palace
2772,Detroit_Rock_City_(film)
2774,Better_Than_Chocolate
2775,Head_On_(1998_film)
2777,Cobra_(1925_film)
2778,Never_Talk_to_Strangers
2779,Heaven_Can_Wait_(1978_film)
2780,The_Raven_(1963_film)
2781,The_Tingler
2782,The_Pit_and_the_Pendulum_(1961_film)
2783,The_Tomb_of_Ligeia
2784,The_Masque_of_the_Red_Death_(film)
2785,Tales_of_Terror
2786,Haunted_Honeymoon
2787,Cat's_Eye_(1985_film)
2788,And_Now_for_Something_Completely_Different
2789,Damien:_Omen_II
2791,Airplane!
2792,Airplane_II:_The_Sequel
2796,Funny_Farm_(film)
2797,Big_(film)
2798,Problem_Child_(film)
2799,Problem_Child_2
2800,Little_Nemo:_Adventures_in_Slumberland
2802,Tequila_Sunrise_(film)
2803,The_Pelican_Brief_(film)
2805,Mickey_Blue_Eyes
2806,Teaching_Mrs._Tingle
2807,Universal_Soldier:_The_Return
2808,Universal_Soldier_(1992_film)
2809,Love_Stinks_(film)
2810,Perfect_Blue
2811,With_Friends_Like_These...
2812,In_Too_Deep_(film)
2813,The_Source_(2002_film)
2815,Iron_Eagle
2816,Iron_Eagle_II
2817,Aces:_Iron_Eagle_III
2819,Three_Days_of_the_Condor
2820,Hamlet_(1964_film)
2821,Male_and_Female
2822,Medicine_Man_(film)
2824,On_the_Ropes
2825,Rosie_(1965_film)
2826,The_13th_Warrior
2827,The_Astronaut's_Wife
2828,Dudley_Do-Right_(film)
2829,The_Muse_(1999_film)
2833,Lucie_Aubrac_(film)
2834,The_Very_Thought_of_You_(film)
2835,Chill_Factor_(film)
2836,Outside_Providence_(film)
2840,Stigmata_(film)
2841,Stir_of_Echoes
2842,Best_Laid_Plans_(1999_film)
2844,The_Minus_Man
2846,The_Adventures_of_Milo_and_Otis
2847,Only_Angels_Have_Wings
2848,Othello_(1952_film)
2849,Queens_Logic
2850,Public_Access
2851,Saturn_3
2855,Nightmares_(1983_film)
2856,I_Saw_What_You_Did
2857,Yellow_Submarine_(film)
2858,American_Beauty_(film)
2859,Stop_Making_Sense
2860,Blue_Streak_(film)
2861,For_Love_of_the_Game_(film)
2862,Caligula_(film)
2864,Splendor_(1999_film)
2865,Sugar_Town_(film)
2866,The_Buddy_Holly_Story
2867,Fright_Night
2868,Fright_Night_II
2870,Barefoot_in_the_Park_(film)
2871,Deliverance
2872,Excalibur_(film)
2873,Lulu_on_the_Bridge
2874,The_Pajama_Game_(film)
2875,Sommersby
2876,Thumbelina_(1994_film)
2877,Tommy_(film)
2878,Hell_Night
2881,Double_Jeopardy_(film)
2882,Jakob_the_Liar
2883,Mumford_(film)
2884,Dog_Park_(film)
2885,Guinevere_(film)
2886,The_Adventures_of_Elmo_in_Grouchland
2887,Simon_Sez
2888,Drive_Me_Crazy
2889,Mystery_Alaska
2890,Three_Kings_(1999_film)
2891,Happy_Texas_(film)
2892,New_Rose_Hotel_(film)
2893,Plunkett_&_Macleane
2894,Romance_(1999_film)
2896,Alvarez_Kelly
2898,The_Dark_Half_(film)
2899,Gulliver's_Travels_(1939_film)
2900,Monkey_Shines
2901,Phantasm_(film)
2902,Psycho_II_(film)
2903,Psycho_III
2904,Rain_(1932_film)
2905,Sanjuro
2906,Random_Hearts
2907,Superstar_(1999_film)
2908,Boys_Don't_Cry_(film)
2912,The_Limey
2913,The_Mating_Habits_of_the_Earthbound_Human
2914,Molly_(film)
2915,Risky_Business
2916,Total_Recall_(1990_film)
2917,Body_Heat
2918,Ferris_Bueller's_Day_Off
2919,The_Year_of_Living_Dangerously_(film)
2921,High_Plains_Drifter
2922,Hang_'Em_High
2926,Hairspray_(1988_film)
2927,Brief_Encounter_(1974_film)
2928,The_Razor's_Edge_(1984_film)
2929,Reds_(film)
2930,Return_with_Honor
2932,Days_of_Heaven
2935,The_Lady_Eve
2936,Sullivan's_Travels
2937,The_Palm_Beach_Story
2939,Niagara_(1953_film)
2940,Gilda
2941,South_Pacific_(1958_film)
2942,Flashdance
2943,Indochine_(film)
2944,The_Dirty_Dozen
2945,Mike's_Murder_(film)
2946,Help!_(film)
2947,Goldfinger_(film)
2948,From_Russia_with_Love_(film)
2949,Dr._No_(film)
2950,The_Blue_Lagoon_(1980_film)
2953,Home_Alone_2:_Lost_in_New_York
2956,Someone_to_Watch_Over_Me_(film)
2959,Fight_Club
2960,Beefcake_(film)
2961,The_Story_of_Us
2962,Fever_Pitch_(1997_film)
2963,Joe_the_King
2964,Julien_Donkey-Boy
2965,The_Omega_Code
2966,The_Straight_Story
2967,The_Bad_Seed_(1956_film)
2968,Time_Bandits
2970,Fitzcarraldo
2971,All_That_Jazz_(film)
2973,Crimes_and_Misdemeanors
2974,Bats_(film)
2975,The_Best_Man_(1999_film)
2976,Bringing_Out_the_Dead
2977,Crazy_in_Alabama
2978,Three_to_Tango
2979,Body_Shots
2981,Brother_Can_You_Spare_a_Dime%3F_(film)
2982,The_Guardian_(1990_film)
2983,The_Ipcress_File_(film)
2984,On_Any_Sunday
2985,RoboCop
2986,RoboCop_2
2987,Who_Framed_Roger_Rabbit
2988,Melvin_and_Howard
2989,For_Your_Eyes_Only_(film)
2990,Licence_to_Kill
2991,Live_and_Let_Die_(film)
2992,Rawhead_Rex_(film)
2993,Thunderball_(film)
2994,The_City_(1998_film)
2996,Music_of_the_Heart
2997,Being_John_Malkovich
2999,Man_of_the_Century
3004,The_Bachelor_(1999_film)
3005,The_Bone_Collector
3006,The_Insider_(film)
3007,American_Movie
3008,Last_Night_(1998_film)
3010,Rosetta_(film)
3011,They_Shoot_Horses_Don't_They%3F_(film)
3012,Battling_Butler
3013,Bride_of_Re-Animator
3014,Bustin'_Loose_(film)
3015,Coma_(1978_film)
3016,Creepshow
3017,Creepshow_2
3018,Re-Animator
3019,Drugstore_Cowboy
3020,Falling_Down
3021,The_Funhouse
3022,The_General_(1998_film)
3024,Piranha_(1978_film)
3025,Rough_Night_in_Jericho_(film)
3026,Slaughterhouse_(film)
3028,The_Taming_of_the_Shrew_(1967_film)
3029,Nighthawks_(film)
3030,Yojimbo_(film)
3031,Repossessed_(film)
3032,The_Omega_Man
3033,Spaceballs
3034,Robin_Hood_(1973_film)
3035,Mister_Roberts_(1955_film)
3036,Quest_for_Fire_(film)
3037,Little_Big_Man_(film)
3039,Trading_Places
3040,Meatballs_(film)
3041,Meatballs_Part_II
3043,Meatballs_4
3044,Dead_Again
3045,Peter's_Friends
3046,The_Incredibly_True_Adventure_of_Two_Girls_in_Love
3048,Under_the_Rainbow
3049,How_I_Won_the_War
3050,Light_It_Up_(film)
3051,Anywhere_but_Here_(film)
3052,Dogma_(film)
3053,The_Messenger:_The_Story_of_Joan_of_Arc
3055,Felicia's_Journey_(film)
3056,Oxygen_(film)
3057,Where's_Marlowe%3F
3058,The_Ape
3060,The_Commitments_(film)
3061,Holiday_Inn_(film)
3062,The_Longest_Day_(film)
3063,Poison_Ivy_(film)
3065,Ten_Benny
3066,Tora!_Tora!_Tora!
3067,Women_on_the_Verge_of_a_Nervous_Breakdown
3068,The_Verdict
3069,The_Effect_of_Gamma_Rays_on_Man-in-the-Moon_Marigolds_(film)
3071,Stand_and_Deliver
3072,Moonstruck
3073,The_Sandpiper
3074,Jeremiah_Johnson_(film)
3075,Repulsion
3076,Irma_la_Douce
3078,Liberty_Heights
3079,Mansfield_Park_(film)
3081,Sleepy_Hollow_(film)
3082,The_World_Is_Not_Enough
3087,Scrooged
3088,Harvey_(film)
3090,Matewan
3091,Kagemusha
3093,McCabe_&_Mrs._Miller
3094,Maurice_(film)
3095,The_Grapes_of_Wrath_(film)
3096,My_Man_Godfrey_(1957_film)
3097,The_Shop_Around_the_Corner
3098,The_Natural_(film)
3099,Shampoo_(film)
3101,Fatal_Attraction
3102,Jagged_Edge_(film)
3103,Stanley_&_Iris
3104,Midnight_Run
3105,Awakenings
3106,Come_See_the_Paradise
3107,Backdraft_(film)
3108,The_Fisher_King
3109,The_River_(1984_film)
3110,Country_(film)
3111,Places_in_the_Heart
3113,End_of_Days_(film)
3114,Toy_Story_2
3115,Flawless_(1999_film)
3116,Miss_Julie_(1999_film)
3117,Ride_with_the_Devil_(film)
3118,Tumbleweeds_(1999_film)
3120,The_Distinguished_Gentleman
3121,The_Hitch-Hiker
3122,Santa_Fe_Trail_(film)
3124,Agnes_Browne
3125,The_End_of_the_Affair_(1999_film)
3126,The_End_of_the_Affair_(1955_film)
3127,Holy_Smoke!
3129,Sweet_and_Lowdown
3130,The_Bonfire_of_the_Vanities_(film)
3131,Broadway_Damage
3132,Daddy_Long_Legs_(1955_film)
3133,Go_West_(1925_film)
3135,The_Great_Santini
3136,The_James_Dean_Story
3137,The_Sea_Wolves
3138,Stealing_Home
3139,Tarzan_the_Fearless
3141,The_Two_Jakes
3143,Hell_in_the_Pacific
3144,The_Glass_Bottom_Boat
3146,Deuce_Bigalow:_Male_Gigolo
3147,The_Green_Mile_(film)
3148,The_Cider_House_Rules_(film)
3149,Diamonds_(1999_film)
3150,The_War_Zone
3152,The_Last_Picture_Show
3153,The_7th_Voyage_of_Sinbad
3154,Blood_on_the_Sun
3155,Anna_and_the_King
3156,Bicentennial_Man_(film)
3157,Stuart_Little_(film)
3159,Fantasia_2000
3160,Magnolia_(film)
3161,Onegin_(film)
3162,Simpatico_(film)
3163,Topsy-Turvy
3165,Boiling_Point_(1993_film)
3167,Carnal_Knowledge
3168,Easy_Rider
3169,The_Falcon_and_the_Snowman
3171,Room_at_the_Top
3173,Any_Given_Sunday
3174,Man_on_the_Moon_(film)
3175,Galaxy_Quest
3176,The_Talented_Mr._Ripley_(film)
3177,Next_Friday
3178,The_Hurricane_(1999_film)
3179,Angela's_Ashes_(film)
3180,Play_It_to_the_Bone
3181,Titus_(film)
3183,The_Third_Miracle
3184,Montana_(1998_film)
3185,Snow_Falling_on_Cedars_(film)
3186,Girl_Interrupted_(film)
3187,Trans_(film)
3189,My_Dog_Skip_(film)
3190,Supernova_(2000_film)
3194,The_Way_We_Were
3196,Stalag_17
3197,The_Presidio_(film)
3198,Papillon_(film)
3199,Pal_Joey_(film)
3200,The_Last_Detail
3201,Five_Easy_Pieces
3203,Dead_Calm_(film)
3204,The_Boys_from_Brazil_(film)
3206,Against_All_Odds_(film)
3207,The_Snows_of_Kilimanjaro_(1952_film)
3208,Loaded_Weapon_1
3210,Fast_Times_at_Ridgemont_High
3213,Batman:_Mask_of_the_Phantasm
3214,American_Flyers
3215,Voyage_of_the_Damned
3218,Poison_(film)
3219,Pacific_Heights_(film)
3221,The_Draughtsman's_Contract
3222,Carmen_(1984_film)
3225,Down_to_You
3229,Another_Man's_Poison
3230,The_Odessa_File_(film)
3232,Seven_Chances
3233,Smashing_Time
3235,Where_the_Buffalo_Roam
3236,Zachariah_(film)
3238,Eye_of_the_Beholder_(film)
3239,Isn't_She_Great
3240,The_Big_Tease
3243,Encino_Man
3244,The_Goodbye_Girl
3246,Malcolm_X_(film)
3247,Sister_Act
3248,Sister_Act_2:_Back_in_the_Habit
3249,The_Hand_That_Rocks_the_Cradle_(film)
3250,Alive_(1993_film)
3251,Agnes_of_God_(film)
3252,Scent_of_a_Woman_(1992_film)
3253,Wayne's_World_(film)
3254,Wayne's_World_2
3256,Patriot_Games_(film)
3257,The_Bodyguard_(1992_film)
3258,Death_Becomes_Her
3259,Far_and_Away
3260,Howards_End_(film)
3261,Singles_(1992_film)
3262,Twin_Peaks:_Fire_Walk_with_Me
3263,White_Men_Can't_Jump
3264,Buffy_the_Vampire_Slayer_(film)
3268,Stop!_Or_My_Mom_Will_Shoot
3269,Forever_Young_(1992_film)
3270,The_Cutting_Edge
3271,Of_Mice_and_Men_(1992_film)
3272,Bad_Lieutenant
3273,Scream_3
3274,Single_White_Female
3275,The_Boondock_Saints
3276,Gun_Shy_(film)
3280,The_Baby_(film)
3282,Different_for_Girls
3283,Minnie_and_Moskowitz
3284,They_Might_Be_Giants_(film)
3285,The_Beach_(film)
3286,Snow_Day_(film)
3287,The_Tigger_Movie
3288,Cotton_Mary
3292,The_Big_Combo
3293,Conceiving_Ada
3294,Eaten_Alive
3295,Raining_Stones
3298,Boiler_Room_(film)
3299,Hanging_Up
3300,Pitch_Black_(film)
3301,The_Whole_Nine_Yards_(film)
3302,Beautiful_People_(film)
3304,Blue_Collar_(film)
3306,The_Circus_(film)
3307,City_Lights
3308,The_Flamingo_Kid
3310,The_Kid_(1921_film)
3311,The_Man_from_Laramie
3314,The_Big_Trees
3316,Reindeer_Games
3317,Wonder_Boys_(film)
3318,Deterrence_(film)
3319,Judy_Berlin
3324,Drowning_Mona
3325,The_Next_Best_Thing
3326,What_Planet_Are_You_From%3F
3327,Beyond_the_Mat
3328,Ghost_Dog:_The_Way_of_the_Samurai
3329,The_Year_My_Voice_Broke
3330,Splendor_in_the_Grass
3331,My_Tutor
3333,The_Killing_of_Sister_George
3334,Key_Largo_(film)
3335,Jail_Bait_(1954_film)
3338,For_All_Mankind
3339,Cross_of_Iron
3340,Bride_of_the_Monster
3341,Born_Yesterday_(1950_film)
3342,Birdy_(film)
3343,And_God_Created_Woman_(1988_film)
3344,Blood_Feast
3345,Charlie_the_Lonesome_Cougar
3346,Color_Me_Blood_Red
3347,Never_Cry_Wolf_(film)
3349,The_Perils_of_Pauline_(1947_film)
3351,Two_Thousand_Maniacs!
3354,Mission_to_Mars
3355,The_Ninth_Gate
3358,Defending_Your_Life
3359,Breaking_Away
3360,Hoosiers
3361,Bull_Durham
3362,Dog_Day_Afternoon
3363,American_Graffiti
3364,The_Asphalt_Jungle
3365,The_Searchers_(film)
3366,Where_Eagles_Dare
3367,The_Devil's_Brigade_(film)
3368,The_Big_Country
3370,Betrayed_(1988_film)
3371,Bound_for_Glory_(film)
3372,The_Bridge_at_Remagen
3374,Daughters_of_the_Dust
3375,Destination_Moon_(film)
3377,Hangmen_Also_Die!
3379,On_the_Beach_(1959_film)
3380,Railroaded!
3382,Song_of_Freedom
3384,The_Taking_of_Pelham_One_Two_Three_(1974_film)
3385,Volunteers_(film)
3386,JFK_(film)
3387,Who's_Harry_Crumb%3F
3388,Harry_and_the_Hendersons
3390,Shanghai_Surprise
3391,Who's_That_Girl_(1987_film)
3392,She-Devil
3393,Date_with_an_Angel
3394,Blind_Date_(1987_film)
3395,Nadine_(1987_film)
3396,The_Muppet_Movie
3397,The_Great_Muppet_Caper
3398,The_Muppets_Take_Manhattan
3399,Sesame_Street_Presents_Follow_That_Bird
3400,We're_Back!_A_Dinosaur's_Story_(film)
3402,Turtle_Diary
3403,Raise_the_Titanic_(film)
3404,Titanic_(1953_film)
3406,Captain_Horatio_Hornblower_R.N.
3408,Erin_Brockovich_(film)
3409,Final_Destination
3410,Soft_Fruit_(film)
3412,The_Bear_(1988_film)
3413,Impact_(film)
3414,Love_Is_a_Many-Splendored_Thing_(film)
3417,The_Crimson_Pirate
3418,Thelma_&_Louise
3419,Something_for_Everyone
3420,...And_Justice_for_All_(film)
3422,She's_Gotta_Have_It
3423,School_Daze
3424,Do_the_Right_Thing
3425,Mo'_Better_Blues
3426,Jungle_Fever
3427,Coogan's_Bluff_(film)
3428,The_Champ_(1979_film)
3430,Death_Wish_(film)
3431,Death_Wish_II
3432,Death_Wish_3
3433,Death_Wish_4:_The_Crackdown
3434,Death_Wish_V:_The_Face_of_Death
3435,Double_Indemnity_(film)
3436,Dying_Young
3437,Cool_as_Ice
3438,Teenage_Mutant_Ninja_Turtles_(film)
3439,Teenage_Mutant_Ninja_Turtles_II:_The_Secret_of_the_Ooze
3440,Teenage_Mutant_Ninja_Turtles_III
3441,Red_Dawn
3442,Band_of_the_Hand
3443,Born_American
3444,Bloodsport_(film)
3445,Eyes_of_Laura_Mars
3446,Funny_Bones
3447,The_Good_Earth_(film)
3448,Good_Morning_Vietnam
3449,The_Good_Mother_(1988_film)
3450,Grumpy_Old_Men_(film)
3451,Guess_Who's_Coming_to_Dinner
3452,Romeo_Must_Die
3453,Here_on_Earth_(film)
3454,Whatever_It_Takes_(2000_film)
3457,Waking_the_Dead_(film)
3459,Gothic_(film)
3461,Lord_of_the_Flies_(1963_film)
3462,Modern_Times_(film)
3464,Solar_Crisis_(film)
3465,That's_Life!_(film)
3466,Heart_and_Souls
3467,Hud_(film)
3468,The_Hustler_(film)
3469,Inherit_the_Wind_(1960_film)
3470,Dersu_Uzala_(1975_film)
3471,Close_Encounters_of_the_Third_Kind
3473,Jonah_Who_Will_Be_25_in_the_Year_2000
3476,Jacob's_Ladder_(film)
3477,Empire_Records
3479,Ladyhawke
3480,Lucas_(film)
3481,High_Fidelity_(film)
3482,Price_of_Glory
3483,The_Road_to_El_Dorado
3484,The_Skulls_(film)
3486,Devil_Girl_from_Mars
3488,The_Hideous_Sun_Demon
3489,Hook_(film)
3490,Horror_Express
3491,My_Chauffeur
3492,The_Son_of_the_Sheik
3494,True_Grit_(1969_film)
3495,Roadside_Prophets
3496,Madame_Sousatzka
3497,Max_Dugan_Returns
3498,Midnight_Express_(film)
3499,Misery_(film)
3500,Mr._Saturday_Night
3501,Murphy's_Romance
3502,My_Life_(film)
3504,Network_(film)
3505,No_Way_Out_(1987_film)
3506,North_Dallas_Forty
3507,The_Odd_Couple_(film)
3508,The_Outlaw_Josey_Wales
3509,Black_and_White_(1999_film)
3510,Frequency_(film)
3511,Ready_to_Rumble
3512,Return_to_Me
3513,Rules_of_Engagement_(film)
3514,Joe_Gould's_Secret_(film)
3515,Me_Myself_I_(film)
3516,Bell_Book_and_Candle
3517,The_Bells_(1926_film)
3518,The_End_of_Violence
3519,Force_10_from_Navarone_(film)
3520,How_to_Stuff_a_Wild_Bikini
3521,Mystery_Train_(film)
3524,Arthur_(1981_film)
3525,Bachelor_Party_(1984_film)
3526,Parenthood_(film)
3527,Predator_(film)
3528,The_Prince_of_Tides
3529,The_Postman_Always_Rings_Twice_(1981_film)
3530,Smoking/No_Smoking
3531,All_the_Vermeers_in_New_York
3534,28_Days_(film)
3535,American_Psycho_(film)
3536,Keeping_the_Faith
3537,Where_the_Money_Is
3538,East_Is_East_(film)
3539,The_Filth_and_the_Fury
3540,Passion_of_Mind
3543,Diner_(film)
3544,Shakes_the_Clown
3545,Cabaret_(film)
3546,What_Ever_Happened_to_Baby_Jane%3F_(1962_film)
3547,Prick_Up_Your_Ears
3548,Auntie_Mame_(film)
3549,Guys_and_Dolls_(film)
3550,The_Hunger_(1983_film)
3551,Marathon_Man_(film)
3552,Caddyshack
3554,Love_&_Basketball
3555,U-571_(film)
3556,The_Virgin_Suicides_(film)
3557,Jennifer_8
3559,Limelight_(1952_film)
3562,Committed_(2000_film)
3564,The_Flintstones_in_Viva_Rock_Vegas
3565,Where_the_Heart_Is_(2000_film)
3566,The_Big_Kahuna_(film)
3567,Bossa_Nova_(film)
3572,Carnosaur_(film)
3573,Carnosaur_2
3575,Defying_Gravity_(1997_film)
3576,The_Hidden_(film)
3578,Gladiator_(2000_film)
3579,I_Dreamed_of_Africa
3580,Up_at_the_Villa
3581,Human_Traffic
3584,Breathless_(1983_film)
3585,The_Great_Locomotive_Chase
3586,The_Idolmaker
3587,Inferno_(1980_film)
3588,The_King_of_Marvin_Gardens
3590,The_Lords_of_Flatbush
3591,Mr._Mom
3593,Battlefield_Earth_(film)
3594,Center_Stage_(2000_film)
3595,Held_Up
3596,Screwed_(2000_film)
3597,Whipped_(film)
3598,Hamlet_(2000_film)
3599,Anchors_Aweigh_(film)
3600,Blue_Hawaii
3601,The_Castaway_Cowboy
3603,The_Gay_Deceivers
3604,Gypsy_(1962_film)
3605,King_Creole
3606,On_the_Town_(film)
3608,Pee-wee's_Big_Adventure
3609,Regret_to_Inform
3610,Roustabout_(film)
3611,Saludos_Amigos
3612,The_Slipper_and_the_Rose
3613,Things_Change
3614,Honeymoon_in_Vegas
3615,Dinosaur_(film)
3616,Loser_(film)
3617,Road_Trip_(film)
3618,Small_Time_Crooks
3619,The_Hollywood_Knights
3620,The_Myth_of_Fingerprints
3622,The_Twelve_Chairs_(1970_film)
3624,Shanghai_Noon
3625,Better_Living_Through_Circuitry
3627,Carnival_of_Souls
3628,Flying_Tigers_(film)
3629,The_Gold_Rush
3632,Monsieur_Verdoux
3633,On_Her_Majesty's_Secret_Service_(film)
3634,Seven_Days_in_May
3635,The_Spy_Who_Loved_Me_(film)
3638,Moonraker_(film)
3639,The_Man_with_the_Golden_Gun_(film)
3642,In_Old_California_(1942_film)
3643,The_Fighting_Seabees
3644,Dark_Command
3646,Big_Momma's_House
3647,Running_Free_(film)
3648,The_Abominable_Snowman_(film)
3649,American_Gigolo
3653,The_Endless_Summer
3654,The_Guns_of_Navarone_(film)
3656,Lured
3657,Pandora_and_the_Flying_Dutchman
3658,Quatermass_and_the_Pit_(film)
3660,Puppet_Master_(film)
3661,Puppet_Master_II
3662,Puppet_Master_III:_Toulon's_Revenge
3663,Puppet_Master_4
3664,Puppet_Master_5:_The_Final_Chapter
3665,Curse_of_the_Puppet_Master
3668,Romeo_and_Juliet_(1968_film)
3669,Stay_Tuned_(film)
3670,The_Story_of_G.I._Joe
3671,Blazing_Saddles
3672,Benji_(1974_film)
3673,Benji_the_Hunted
3674,For_the_Love_of_Benji
3675,White_Christmas_(film)
3676,Eraserhead
3677,Baraka_(film)
3678,The_Man_with_the_Golden_Arm
3679,The_Decline_of_Western_Civilization
3680,The_Decline_of_Western_Civilization_Part_II:_The_Metal_Years
3681,For_a_Few_Dollars_More
3682,Magnum_Force
3683,Blood_Simple
3684,The_Fabulous_Baker_Boys
3685,Prizzi's_Honor
3686,Flatliners
3688,Porky's
3689,Porky's_II:_The_Next_Day
3690,Porky's_Revenge!
3691,Private_School_(film)
3692,Class_of_Nuke_'Em_High
3693,The_Toxic_Avenger_(film)
3694,The_Toxic_Avenger_Part_II
3695,The_Toxic_Avenger_Part_III:_The_Last_Temptation_of_Toxie
3696,Night_of_the_Creeps
3697,Predator_2
3698,The_Running_Man_(film)
3699,Starman_(film)
3700,The_Brother_from_Another_Planet
3701,Alien_Nation_(film)
3702,Mad_Max
3704,Mad_Max_Beyond_Thunderdome
3705,Bird_on_a_Wire_(film)
3706,Angel_Heart
3708,Firestarter_(film)
3709,Sleepwalkers_(film)
3710,Action_Jackson
3711,Sarafina!_(film)
3712,Soapdish
3713,The_Long_Walk_Home
3714,Clara's_Heart
3715,Burglar_(film)
3716,Fatal_Beauty
3717,Gone_in_60_Seconds_(2000_film)
3718,American_Pimp
3719,Love's_Labour's_Lost_(2000_film)
3720,Sunshine_(1999_film)
3721,Trixie_(film)
3723,Hamlet_(1990_film)
3724,Coming_Home_(1978_film)
3725,American_Pop
3726,Assault_on_Precinct_13_(1976_film)
3727,Near_Dark
3728,One_False_Move
3729,Shaft_(1971_film)
3730,The_Conversation
3731,Cutter's_Way
3732,The_Fury_(1978_film)
3733,The_Paper_Chase_(film)
3734,Prince_of_the_City
3735,Serpico
3737,Lonely_Are_the_Brave
3738,The_Sugarland_Express
3739,Trouble_in_Paradise_(film)
3740,Big_Trouble_in_Little_China
3741,Badlands_(film)
3743,Boys_and_Girls_(2000_film)
3744,Shaft_(2000_film)
3745,Titan_A.E.
3747,Jesus'_Son
3751,Chicken_Run
3753,The_Patriot_(2000_film)
3754,The_Adventures_of_Rocky_and_Bullwinkle
3755,The_Perfect_Storm_(film)
3756,The_Golden_Bowl_(film)
3757,Asylum_(1972_film)
3758,Communion_(1989_film)
3759,Fun_and_Fancy_Free
3760,The_Kentucky_Fried_Movie
3765,The_Hot_Spot
3766,Missing_in_Action_(film)
3767,Missing_in_Action_2:_The_Beginning
3768,Braddock:_Missing_in_Action_III
3769,Thunderbolt_and_Lightfoot
3770,Dreamscape_(1984_film)
3771,The_Golden_Voyage_of_Sinbad
3773,House_Party_(film)
3774,House_Party_2
3775,Make_Mine_Music
3776,Melody_Time
3777,Nekromantik
3778,On_Our_Merry_Way
3780,Rocketship_X-M
3781,Shaft_in_Africa
3783,Croupier_(film)
3785,Scary_Movie
3786,But_I'm_a_Cheerleader
3788,Blowup
3789,The_Pawnbroker_(film)
3790,Groove_(film)
3791,Footloose_(1984_film)
3792,Duel_in_the_Sun_(film)
3793,X-Men_(film)
3794,Chuck_&_Buck
3795,The_Five_Senses
3797,The_In_Crowd_(2000_film)
3798,What_Lies_Beneath
3801,Anatomy_of_a_Murder
3802,Freejack
3803,Greaser's_Palace
3805,Knightriders
3806,Mackenna's_Gold
3807,Sinbad_and_the_Eye_of_the_Tiger
3809,What_About_Bob%3F
3810,White_Sands_(film)
3811,Breaker_Morant_(film)
3813,Interiors
3814,Love_and_Death
3818,Pot_o'_Gold_(film)
3819,Tampopo
3820,Thomas_and_the_Magic_Railroad
3821,Nutty_Professor_II:_The_Klumps
3823,Wonderland_(1999_film)
3824,Autumn_in_New_York_(film)
3825,Coyote_Ugly_(film)
3826,Hollow_Man
3827,Space_Cowboys
3828,Better_Living
3830,Psycho_Beach_Party
3831,Saving_Grace_(2000_film)
3833,The_Brain_That_Wouldn't_Die
3834,Bronco_Billy
3835,The_Crush_(1993_film)
3836,Kelly's_Heroes
3837,Phantasm_II
3838,Phantasm_III:_Lord_of_the_Dead
3839,Phantasm_IV:_Oblivion
3840,Pumpkinhead_(film)
3841,Air_America_(film)
3843,Sleepaway_Camp
3844,Steel_Magnolias
3846,Easy_Money_(1983_film)
3847,Ilsa_She_Wolf_of_the_SS
3848,Silent_Fall
3849,The_Spiral_Staircase_(1946_film)
3851,I'm_the_One_That_I_Want_(film)
3852,The_Tao_of_Steve
3853,The_Tic_Code
3857,Bless_the_Child
3858,Cecil_B._Demented
3859,The_Eyes_of_Tammy_Faye
3860,The_Opportunists
3861,The_Replacements_(film)
3862,About_Adam
3863,The_Cell
3865,The_Original_Kings_of_Comedy
3866,Sunset_Strip_(film)
3868,The_Naked_Gun:_From_the_Files_of_Police_Squad!
3870,Our_Town_(1940_film)
3871,Shane_(film)
3872,Suddenly_Last_Summer_(film)
3873,Cat_Ballou
3875,The_Devil_Rides_Out_(film)
3877,Supergirl_(film)
3879,The_Art_of_War_(film)
3881,Bittersweet_Motel
3882,Bring_It_On_(film)
3883,Catfish_in_Black_Bean_Sauce
3884,The_Crew_(2000_film)
3885,Love_&_Sex
3886,Steal_This_Movie!
3887,Went_to_Coney_Island_on_a_Mission_from_God..._Be_Back_by_Five
3888,Skipped_Parts
3889,Highlander:_Endgame
3893,Nurse_Betty
3894,Solas_(film)
3895,The_Watcher_(film)
3896,The_Way_of_the_Gun
3897,Almost_Famous
3898,Bait_(2000_film)
3900,Crime_and_Punishment_in_Suburbia
3901,Duets
3903,Urbania_(film)
3905,The_Specials_(film)
3906,Under_Suspicion_(2000_film)
3908,Urban_Legends:_Final_Cut
3909,Woman_on_Top
3910,Dancer_in_the_Dark
3911,Best_in_Show_(film)
3912,Beautiful_(2008_film)
3913,Barenaked_in_America
3915,Girlfight
3916,Remember_the_Titans
3917,Hellraiser
3918,Hellbound:_Hellraiser_II
3919,Hellraiser_III:_Hell_on_Earth
3921,Beach_Party
3922,Bikini_Beach
3923,Return_of_the_Fly
3924,Pajama_Party_(film)
3925,Stranger_Than_Paradise
3926,Voyage_to_the_Bottom_of_the_Sea
3927,Fantastic_Voyage
3928,Abbott_and_Costello_Meet_Frankenstein
3929,The_Bank_Dick
3931,The_Giant_Gila_Monster
3932,The_Invisible_Man_(film)
3933,The_Killer_Shrews
3934,Kronos_(film)
3935,Kronos_(film)
3936,Phantom_of_the_Opera_(1943_film)
3937,Runaway_(1984_film)
3938,The_Slumber_Party_Massacre
3941,Sorority_House_Massacre
3942,Sorority_House_Massacre_II
3943,Bamboozled
3944,Bootmen
3945,Digimon:_The_Movie
3946,Get_Carter_(2000_film)
3947,Get_Carter
3948,Meet_the_Parents
3949,Requiem_for_a_Dream
3950,Tigerland
3951,Two_Family_House
3952,The_Contender_(2000_film)
